n,k,requested,mapping,resolved,candidate_mapping,call_path,timing,timing_boundary,execution_schedule,cache,rotations,packed_ring_bytes,total_ring_bytes,samples,iterations_per_sample,calibration_us,calibration_wall_us,median_us,median_event_us,p10_us,p90_us,p10_event_us,p90_event_us,median_wall_us,p10_wall_us,p90_wall_us,effective_gbps,effective_wall_gbps,effective_tflops,effective_wall_tflops,correct,correctness_max_abs,correctness_relative_l2,speedup_vs_old,speedup_vs_old_wall,latency_ratio_vs_auto,latency_ratio_vs_auto_wall
512,3584,old,old,old,,private-allocation-equivalent:_q4_group64_gemv(out=None),integration,"single synchronized measurement around one public auto call or allocation-equivalent private control, including output allocation; records host wall-clock and HIP-event elapsed time",cyclic_latin_by_sample_round,rotating,69,67264512,67280896,30,1,,,87.34100311994553,87.34100311994553,77.45289653539658,103.45899909734727,77.45289653539658,103.45899909734727,114.53449951659422,103.80790045019239,130.41000274824913,11.348988042176934,8.6544404016572,0.04201939374293608,0.03204288677638368,True,6.198883056640625e-06,1.0800276769150891e-06,1.0,1.0,2.651477650549226,1.9520153534797895
512,3584,auto,auto,runtime-guarded:small32x32,small32x32,public:q4_group64_gemv,integration,"single synchronized measurement around one public auto call or allocation-equivalent private control, including output allocation; records host wall-clock and HIP-event elapsed time",cyclic_latin_by_sample_round,rotating,69,67264512,67280896,30,1,,,32.94050134718418,32.94050134718418,26.756000705063343,47.13100120425225,26.756000705063343,47.13100120425225,58.674999309005216,51.897998855565675,74.03609888569919,30.091588150182552,16.89360053981065,0.11141348339902302,0.06254820695731547,True,9.5367431640625e-07,1.908251673727957e-07,2.651477650549226,1.9520153534797895,1.0,1.0
512,3584,selected,small32x32,small32x32,,private-allocation-equivalent:_q4_group64_gemv(out=None),integration,"single synchronized measurement around one public auto call or allocation-equivalent private control, including output allocation; records host wall-clock and HIP-event elapsed time",cyclic_latin_by_sample_round,rotating,69,67264512,67280896,30,1,,,33.19999948143959,33.19999948143959,26.893000304698944,55.53690157830716,26.893000304698944,55.53690157830716,59.06449950998649,52.425998728722334,85.41610186512118,29.85638600850421,16.782195874400067,0.11054265232900733,0.062135733485382066,True,9.5367431640625e-07,1.908251673727957e-07,2.6307531471129506,1.9391428094168308,1.0078777833864874,1.0066382651140737
512,3584,old,old,old,,private-allocation-equivalent:_q4_group64_gemv(out=None),batched,"synchronized measurement around repeated public auto calls or allocation-equivalent private controls, each including output allocation, divided by iterations; records host wall-clock and HIP-event elapsed time",cyclic_latin_by_sample_round,rotating,69,67264512,67280896,30,1569,63.44654083251953,63.77489000442438,37.484592658991716,37.484592658991716,37.06899731686497,38.45191381781476,37.06899731686497,38.45191381781476,37.50906437126058,37.08739451816182,38.470317652976405,26.44371806351284,26.42646561878737,0.09790731977234506,0.09784344295220448,True,6.198883056640625e-06,1.0800276769150891e-06,1.0,1.0,2.2269201200591953,2.227442839502143
512,3584,auto,auto,runtime-guarded:small32x32,small32x32,public:q4_group64_gemv,batched,"synchronized measurement around repeated public auto calls or allocation-equivalent private controls, each including output allocation, divided by iterations; records host wall-clock and HIP-event elapsed time",cyclic_latin_by_sample_round,rotating,69,67264512,67280896,30,5038,19.46789026260376,19.85236998734763,16.832481920364216,16.832481920364216,16.7409487213583,17.554078777899292,16.7409487213583,17.554078777899292,16.83951826105861,16.750249504162085,17.565746626113253,58.888047804809524,58.863441615917495,0.21803178030210468,0.21794067639612427,True,9.5367431640625e-07,1.908251673727957e-07,2.2269201200591953,2.227442839502143,1.0,1.0
512,3584,selected,small32x32,small32x32,,private-allocation-equivalent:_q4_group64_gemv(out=None),batched,"synchronized measurement around repeated public auto calls or allocation-equivalent private controls, each including output allocation, divided by iterations; records host wall-clock and HIP-event elapsed time",cyclic_latin_by_sample_round,rotating,69,67264512,67280896,30,5905,16.65485978126526,16.93539001280442,16.786473570588683,16.786473570588683,16.64950765663037,16.940090944966855,16.64950765663037,16.940090944966855,16.790837510734377,16.653443742530644,16.95742651988103,59.04944810664236,59.0341011498864,0.21862936158492377,0.2185725397946207,True,9.5367431640625e-07,1.908251673727957e-07,2.2330236604707663,2.2339007418350065,0.9972666924584739,0.9971091364034559
1024,3072,old,old,old,,private-allocation-equivalent:_q4_group64_gemv(out=None),integration,"single synchronized measurement around one public auto call or allocation-equivalent private control, including output allocation; records host wall-clock and HIP-event elapsed time",cyclic_latin_by_sample_round,rotating,41,68517888,68534272,30,1,,,52.21500061452389,52.21500061452389,49.12409894168377,56.397998332977295,49.12409894168377,56.397998332977295,72.16949961730279,69.36300233064685,76.3541003834689,32.319294841310374,23.383174456642703,0.12049135164139013,0.08717610671214368,True,5.245208740234375e-06,9.239698139420114e-07,1.0,1.0,1.9182586854214005,1.5201579852179667
1024,3072,auto,auto,runtime-guarded:small32x32,small32x32,public:q4_group64_gemv,integration,"single synchronized measurement around one public auto call or allocation-equivalent private control, including output allocation; records host wall-clock and HIP-event elapsed time",cyclic_latin_by_sample_round,rotating,41,68517888,68534272,30,1,,,27.219999581575394,27.219999581575394,21.147999167442322,35.71999967098237,21.147999167442322,35.71999967098237,47.47499951918144,46.65399937948678,59.519001661101356,61.996768036038695,35.546119370010196,0.23113358180426075,0.1325214547386788,True,9.5367431640625e-07,1.8621781702026649e-07,1.9182586854214005,1.5201579852179667,1.0,1.0
1024,3072,selected,small32x32,small32x32,,private-allocation-equivalent:_q4_group64_gemv(out=None),integration,"single synchronized measurement around one public auto call or allocation-equivalent private control, including output allocation; records host wall-clock and HIP-event elapsed time",cyclic_latin_by_sample_round,rotating,41,68517888,68534272,30,1,,,27.18999981880188,27.18999981880188,25.75209941715002,32.36010037362576,25.75209941715002,32.36010037362576,47.31499939225614,46.43889806175139,56.1910987016745,62.06517143236824,35.66632192065916,0.2313886002915476,0.13296958851973903,True,9.5367431640625e-07,1.8621781702026649e-07,1.9203751733171115,1.5252985426248253,0.9988978779120254,0.9966298024529594
1024,3072,old,old,old,,private-allocation-equivalent:_q4_group64_gemv(out=None),batched,"synchronized measurement around repeated public auto calls or allocation-equivalent private controls, each including output allocation, divided by iterations; records host wall-clock and HIP-event elapsed time",cyclic_latin_by_sample_round,rotating,41,68517888,68534272,30,3045,32.5931191444397,32.84698999777902,31.028103632684214,31.028103632684214,30.15037273538524,31.702993859602703,30.15037273538524,31.702993859602703,31.040075862258732,30.162134975763056,31.711792742077655,54.38785495812176,54.366877435756365,0.20276637188270638,0.20268816442068394,True,5.245208740234375e-06,9.239698139420114e-07,1.0,1.0,1.844006167434205,1.8438992453781506
1024,3072,auto,auto,runtime-guarded:small32x32,small32x32,public:q4_group64_gemv,batched,"synchronized measurement around repeated public auto calls or allocation-equivalent private controls, each including output allocation, divided by iterations; records host wall-clock and HIP-event elapsed time",cyclic_latin_by_sample_round,rotating,41,68517888,68534272,30,5716,17.2905695438385,17.497490007372107,16.82646413046301,16.82646413046301,16.691662766367845,17.1220046644698,16.691662766367845,17.1220046644698,16.833932732530062,16.700898897952555,17.131965185455176,100.29153997629352,100.24704427735756,0.3739024402999681,0.37373655342238166,True,9.5367431640625e-07,1.8621781702026649e-07,1.844006167434205,1.8438992453781506,1.0,1.0
1024,3072,selected,small32x32,small32x32,,private-allocation-equivalent:_q4_group64_gemv(out=None),batched,"synchronized measurement around repeated public auto calls or allocation-equivalent private controls, each including output allocation, divided by iterations; records host wall-clock and HIP-event elapsed time",cyclic_latin_by_sample_round,rotating,41,68517888,68534272,30,5776,17.103769779205322,17.315980003331788,16.72975904723614,16.72975904723614,16.578959758261895,17.095973683196092,16.578959758261895,17.095973683196092,16.73796329613704,16.585779449818187,17.11770450150239,100.87126749615645,100.8218246236369,0.37606375454877744,0.37587942383957834,True,9.5367431640625e-07,1.8621781702026649e-07,1.8546653030134495,1.8544714977014247,0.9942527983017067,0.994299048361553
1024,4096,old,old,old,,private-allocation-equivalent:_q4_group64_gemv(out=None),integration,"single synchronized measurement around one public auto call or allocation-equivalent private control, including output allocation; records host wall-clock and HIP-event elapsed time",cyclic_latin_by_sample_round,rotating,31,69074944,69095424,30,1,,,59.4905000180006,59.4905000180006,57.35099911689758,63.853901624679565,57.35099911689758,63.853901624679565,79.17400034784805,77.4800017097732,83.83700078411493,37.799379721461214,28.402051053633794,0.1410075221667624,0.10595154928568672,True,6.556510925292969e-06,1.0374462294588938e-06,1.0,1.0,2.147671446480776,1.6460462096178268
1024,4096,auto,auto,runtime-guarded:small32x32,small32x32,public:q4_group64_gemv,integration,"single synchronized measurement around one public auto call or allocation-equivalent private control, including output allocation; records host wall-clock and HIP-event elapsed time",cyclic_latin_by_sample_round,rotating,31,69074944,69095424,30,1,,,27.700000442564487,27.700000442564487,26.743000373244286,31.63209855556488,26.743000373244286,31.63209855556488,48.09950041817501,46.34610304492526,51.73099962121342,81.18064852246671,46.75108848220591,0.3028378290965607,0.17440114610484098,True,8.940696716308594e-07,1.8745646558758443e-07,2.147671446480776,1.6460462096178268,1.0,1.0
1024,4096,selected,small32x32,small32x32,,private-allocation-equivalent:_q4_group64_gemv(out=None),integration,"single synchronized measurement around one public auto call or allocation-equivalent private control, including output allocation; records host wall-clock and HIP-event elapsed time",cyclic_latin_by_sample_round,rotating,31,69074944,69095424,30,1,,,27.69549936056137,27.69549936056137,26.47500019520521,29.913999512791634,26.47500019520521,29.913999512791634,47.67500104208011,45.95999816956464,51.686099322978414,81.1938420291556,47.1673613182555,0.3028870464038446,0.17595401817811887,True,8.940696716308594e-07,1.8745646558758443e-07,2.1480204867768364,1.6607026453542286,0.9998375060674656,0.9911745574817967
1024,4096,old,old,old,,private-allocation-equivalent:_q4_group64_gemv(out=None),batched,"synchronized measurement around repeated public auto calls or allocation-equivalent private controls, each including output allocation, divided by iterations; records host wall-clock and HIP-event elapsed time",cyclic_latin_by_sample_round,rotating,31,69074944,69095424,30,2567,38.71558904647827,38.96095000527566,38.70255426065811,38.70255426065811,38.62277046919891,39.30278283220624,38.62277046919891,39.30278283220624,38.71391507584634,38.63609703954721,39.31303541076363,58.10221167458838,58.08516125518314,0.21674559109208924,0.21668198588454474,True,6.556510925292969e-06,1.0374462294588938e-06,1.0,1.0,2.298148673833951,2.2979073794785427
1024,4096,auto,auto,runtime-guarded:small32x32,small32x32,public:q4_group64_gemv,batched,"synchronized measurement around repeated public auto calls or allocation-equivalent private controls, each including output allocation, divided by iterations; records host wall-clock and HIP-event elapsed time",cyclic_latin_by_sample_round,rotating,31,69074944,69095424,30,5752,17.15047001838684,17.387689986207988,16.8407530380058,16.8407530380058,16.71493063384203,17.017696099420583,16.71493063384203,17.017696099420583,16.84746540334083,16.71968845650847,17.025333275712466,133.5275207067748,133.47432068648646,0.4981135927276408,0.4979151343641608,True,8.940696716308594e-07,1.8745646558758443e-07,2.298148673833951,2.2979073794785427,1.0,1.0
1024,4096,selected,small32x32,small32x32,,private-allocation-equivalent:_q4_group64_gemv(out=None),batched,"synchronized measurement around repeated public auto calls or allocation-equivalent private controls, each including output allocation, divided by iterations; records host wall-clock and HIP-event elapsed time",cyclic_latin_by_sample_round,rotating,31,69074944,69095424,30,5647,16.952470541000366,17.710089996398892,16.779135407991106,16.779135407991106,16.677979256001876,16.911017740640425,16.677979256001876,16.911017740640425,16.7843288470212,16.6828418808434,16.91531274984618,134.0178707258688,133.9764026608123,0.4999428037278312,0.49978811047239274,True,8.940696716308594e-07,1.8745646558758443e-07,2.306588111937277,2.306551273434868,0.9963411594555399,0.9962524596544291
3072,3072,old,old,old,,private-allocation-equivalent:_q4_group64_gemv(out=None),integration,"single synchronized measurement around one public auto call or allocation-equivalent private control, including output allocation; records host wall-clock and HIP-event elapsed time",cyclic_latin_by_sample_round,rotating,14,70189056,70213632,30,1,,,53.92549932003021,53.92549932003021,51.89000070095062,77.45200246572495,51.89000070095062,77.45200246572495,74.13949970214162,71.88699710241053,100.4509995254921,93.42667316069976,67.95405984988685,0.35000821945081667,0.2545791120229907,True,7.867813110351562e-06,9.756496469582548e-07,1.0,1.0,1.5626050369142162,1.3209828172434928
3072,3072,auto,auto,runtime-guarded:split8,split8,public:q4_group64_gemv,integration,"single synchronized measurement around one public auto call or allocation-equivalent private control, including output allocation; records host wall-clock and HIP-event elapsed time",cyclic_latin_by_sample_round,rotating,14,70189056,70213632,30,1,,,34.50999967753887,34.50999967753887,33.09510014951229,67.51700043678284,33.09510014951229,67.51700043678284,56.124499678844586,53.30299900379032,89.33900135161821,145.98899006304765,89.76614542363643,0.5469246066752224,0.336294632611477,True,9.5367431640625e-07,1.698147688928988e-07,1.5626050369142162,1.3209828172434928,1.0,1.0
3072,3072,selected,split8,split8,,private-allocation-equivalent:_q4_group64_gemv(out=None),integration,"single synchronized measurement around one public auto call or allocation-equivalent private control, including output allocation; records host wall-clock and HIP-event elapsed time",cyclic_latin_by_sample_round,rotating,14,70189056,70213632,30,1,,,34.80499982833862,34.80499982833862,32.96000137925148,52.776001393795035,32.96000137925148,52.776001393795035,54.615000408375636,52.65100080578122,76.02200203109535,144.75161686103323,92.24718414956509,0.5422889841427977,0.34558945086276094,True,9.5367431640625e-07,1.698147688928988e-07,1.5493607121389341,1.3574933470250738,1.0085482513345763,0.9731044503005533
3072,3072,old,old,old,,private-allocation-equivalent:_q4_group64_gemv(out=None),batched,"synchronized measurement around repeated public auto calls or allocation-equivalent private controls, each including output allocation, divided by iterations; records host wall-clock and HIP-event elapsed time",cyclic_latin_by_sample_round,rotating,14,70189056,70213632,30,3088,32.18442916870117,32.39028999814764,29.445243005307844,29.445243005307844,29.402580409469998,29.482152424945735,29.402580409469998,29.482152424945735,29.459311690516188,29.422435913161774,29.502196276468325,171.09996338260234,171.01825232467684,0.6409988872089688,0.6406927696846431,True,7.867813110351562e-06,9.756496469582548e-07,1.0,1.0,1.7368783868938777,1.7363524531283505
3072,3072,auto,auto,runtime-guarded:split8,split8,public:q4_group64_gemv,batched,"synchronized measurement around repeated public auto calls or allocation-equivalent private controls, each including output allocation, divided by iterations; records host wall-clock and HIP-event elapsed time",cyclic_latin_by_sample_round,rotating,14,70189056,70213632,30,5129,19.274200201034546,19.499769987305626,16.952967592604935,16.952967592604935,16.703559130250095,17.075153186461176,16.703559130250095,17.075153186461176,16.966205010647435,16.714203353695538,17.10011813242813,297.1798283975759,296.9479619536759,1.1133371132162844,1.1124684623435273,True,9.5367431640625e-07,1.698147688928988e-07,1.7368783868938777,1.7363524531283505,1.0,1.0
3072,3072,selected,split8,split8,,private-allocation-equivalent:_q4_group64_gemv(out=None),batched,"synchronized measurement around repeated public auto calls or allocation-equivalent private controls, each including output allocation, divided by iterations; records host wall-clock and HIP-event elapsed time",cyclic_latin_by_sample_round,rotating,14,70189056,70213632,30,5880,16.766979694366455,17.007690003083553,16.919904176880713,16.919904176880713,16.69690229454819,17.13765643891834,16.69690229454819,17.13765643891834,16.928954846971585,16.707853077926977,17.16043870765381,297.7605515570243,297.60136083659415,1.115512700467291,1.1149163176707528,True,9.5367431640625e-07,1.698147688928988e-07,1.7402724446596867,1.7401730914171676,0.9980496974618979,0.9978044492771087
3072,8192,old,old,old,,private-allocation-equivalent:_q4_group64_gemv(out=None),integration,"single synchronized measurement around one public auto call or allocation-equivalent private control, including output allocation; records host wall-clock and HIP-event elapsed time",cyclic_latin_by_sample_round,rotating,6,80216064,80261120,30,1,,,145.2215015888214,145.2215015888214,143.50590407848358,154.03089672327042,143.50590407848358,154.03089672327042,169.40899877226911,167.23600128898397,178.62500026240014,92.37199624874687,79.18351502704134,0.3465853709632371,0.2971013840159646,True,1.6689300537109375e-05,1.5426008674165506e-06,1.0,1.0,2.323525398125288,1.9447821307602584
3072,8192,auto,auto,runtime-guarded:split8,split8,public:q4_group64_gemv,integration,"single synchronized measurement around one public auto call or allocation-equivalent private control, including output allocation; records host wall-clock and HIP-event elapsed time",cyclic_latin_by_sample_round,rotating,6,80216064,80261120,30,1,,,62.50050105154514,62.50050105154514,61.32900007069111,74.19100031256677,61.32900007069111,74.19100031256677,87.10949987289496,85.71700236643665,106.40190012054518,214.6286793594972,153.99468507537642,0.8052999120517562,0.5777974626583894,True,1.1920928955078125e-06,1.8073924669062414e-07,2.323525398125288,1.9447821307602584,1.0,1.0
3072,8192,selected,split8,split8,,private-allocation-equivalent:_q4_group64_gemv(out=None),integration,"single synchronized measurement around one public auto call or allocation-equivalent private control, including output allocation; records host wall-clock and HIP-event elapsed time",cyclic_latin_by_sample_round,rotating,6,80216064,80261120,30,1,,,62.49999813735485,62.49999813735485,61.46800071001053,67.50410050153734,61.46800071001053,67.50410050153734,86.79500024300069,85.3979989187792,91.68290162051562,214.63040639648455,154.55268117338088,0.8053063920000006,0.5798910980941998,True,1.1920928955078125e-06,1.8073924669062414e-07,2.323544094668153,1.9518290027993932,0.9999919534374632,0.99638960583687
3072,8192,old,old,old,,private-allocation-equivalent:_q4_group64_gemv(out=None),batched,"synchronized measurement around repeated public auto calls or allocation-equivalent private controls, each including output allocation, divided by iterations; records host wall-clock and HIP-event elapsed time",cyclic_latin_by_sample_round,rotating,6,80216064,80261120,30,788,126.6916275024414,127.00817998847924,82.31922091566366,82.31922091566366,81.39606078869195,82.55641956619806,81.39606078869195,82.55641956619806,82.37440926197525,81.44402043094465,82.63162550748592,162.95586681685313,162.84669134728722,0.6114203638001501,0.6110107307711344,True,1.6689300537109375e-05,1.5426008674165506e-06,1.0,1.0,2.7559148889882543,2.756573986220467
3072,8192,auto,auto,runtime-guarded:split8,split8,public:q4_group64_gemv,batched,"synchronized measurement around repeated public auto calls or allocation-equivalent private controls, each including output allocation, divided by iterations; records host wall-clock and HIP-event elapsed time",cyclic_latin_by_sample_round,rotating,6,80216064,80261120,30,2168,45.88997840881348,46.13680001057219,29.870015668693064,29.870015668693064,29.75186316289585,30.883786599134613,29.75186316289585,30.883786599134613,29.882894373141287,29.763491696993732,30.90126093156466,449.0924996085526,448.8989531100056,1.6850224840274486,1.6842962857452668,True,1.1920928955078125e-06,1.8073924669062414e-07,2.7559148889882543,2.756573986220467,1.0,1.0
3072,8192,selected,split8,split8,,private-allocation-equivalent:_q4_group64_gemv(out=None),batched,"synchronized measurement around repeated public auto calls or allocation-equivalent private controls, each including output allocation, divided by iterations; records host wall-clock and HIP-event elapsed time",cyclic_latin_by_sample_round,rotating,6,80216064,80261120,30,2226,44.665470123291016,44.93661002925364,30.123156250219353,30.123156250219353,29.805132171000217,30.704268997891575,29.805132171000217,30.704268997891575,30.140386342987206,29.817863880717695,30.726288364794225,445.3185412767734,445.0639698956992,1.6708623618958751,1.6699071945277408,True,1.1920928955078125e-06,1.8073924669062414e-07,2.7327554998511894,2.733024332355361,1.008474738826187,1.0086167011344576
3584,3584,old,old,old,,private-allocation-equivalent:_q4_group64_gemv(out=None),integration,"single synchronized measurement around one public auto call or allocation-equivalent private control, including output allocation; records host wall-clock and HIP-event elapsed time",cyclic_latin_by_sample_round,rotating,10,68239360,68268032,30,1,,,73.12100008130074,73.12100008130074,72.1960999071598,80.37200272083282,72.1960999071598,80.37200272083282,97.85499969439115,96.36299873818643,105.49190046731383,93.71600487385047,70.02818477748947,0.3513369889831382,0.26253244167627854,True,7.867813110351562e-06,1.0280012409600898e-06,1.0,1.0,1.8216038720152423,1.5128044939749323
3584,3584,auto,auto,runtime-guarded:split8,split8,public:q4_group64_gemv,integration,"single synchronized measurement around one public auto call or allocation-equivalent private control, including output allocation; records host wall-clock and HIP-event elapsed time",cyclic_latin_by_sample_round,rotating,10,68239360,68268032,30,1,,,40.14099948108196,40.14099948108196,38.94809894263744,44.36889924108982,38.94809894263744,44.36889924108982,64.68449828389566,63.77499921654817,72.12889941001777,170.71343734800533,105.93895263629302,0.639996819513861,0.39716025758208595,True,1.1920928955078125e-06,1.7105643362511934e-07,1.8216038720152423,1.5128044939749323,1.0,1.0
3584,3584,selected,split8,split8,,private-allocation-equivalent:_q4_group64_gemv(out=None),integration,"single synchronized measurement around one public auto call or allocation-equivalent private control, including output allocation; records host wall-clock and HIP-event elapsed time",cyclic_latin_by_sample_round,rotating,10,68239360,68268032,30,1,,,39.84049893915653,39.84049893915653,38.54890130460262,49.77700114250183,38.54890130460262,49.77700114250183,64.52950037783012,63.13699850579724,74.12099839712029,172.0010587835544,106.1934147928766,0.6448240530128232,0.39811422449547035,True,1.1920928955078125e-06,1.7105643362511934e-07,1.8353434828456692,1.5164382045643485,0.992513874945564,0.997603785911962
3584,3584,old,old,old,,private-allocation-equivalent:_q4_group64_gemv(out=None),batched,"synchronized measurement around repeated public auto calls or allocation-equivalent private controls, each including output allocation, divided by iterations; records host wall-clock and HIP-event elapsed time",cyclic_latin_by_sample_round,rotating,10,68239360,68268032,30,1758,56.635098457336426,56.90174002666026,34.18561785701192,34.18561785701192,34.10964375605491,34.683176980219336,34.10964375605491,34.683176980219336,34.19979237769729,34.12340216058059,34.69827753055705,200.45295155004607,200.36987138169852,0.7514888894930597,0.7511774257656982,True,7.867813110351562e-06,1.0280012409600898e-06,1.0,1.0,2.0252516884290146,2.025228694814999
3584,3584,auto,auto,runtime-guarded:split8,split8,public:q4_group64_gemv,batched,"synchronized measurement around repeated public auto calls or allocation-equivalent private controls, each including output allocation, divided by iterations; records host wall-clock and HIP-event elapsed time",cyclic_latin_by_sample_round,rotating,10,68239360,68268032,30,4169,23.7288498878479,23.98864999122452,16.879688609730113,16.879688609730113,16.747451200277066,16.97945525017709,16.747451200277066,16.97945525017709,16.886879227642673,16.755895227000934,16.985958263224504,405.96767857731027,405.79481309860654,1.5219541422814646,1.5213060775579559,True,1.1920928955078125e-06,1.7105643362511934e-07,2.0252516884290146,2.025228694814999,1.0,1.0
3584,3584,selected,split8,split8,,private-allocation-equivalent:_q4_group64_gemv(out=None),batched,"synchronized measurement around repeated public auto calls or allocation-equivalent private controls, each including output allocation, divided by iterations; records host wall-clock and HIP-event elapsed time",cyclic_latin_by_sample_round,rotating,10,68239360,68268032,30,4047,24.463059902191162,24.715539984754287,16.857914492204394,16.857914492204394,16.746627509755974,17.089905772999774,16.746627509755974,17.089905772999774,16.864664689488137,16.75283103556395,17.097875907705365,406.49203691054737,406.3293356950808,1.5239199375391232,1.5233099781706791,True,1.1920928955078125e-06,1.7105643362511934e-07,2.027867555789322,2.027896374305874,0.998710040331362,0.9986845089696519
3584,18944,old,old,old,,private-allocation-equivalent:_q4_group64_gemv(out=None),integration,"single synchronized measurement around one public auto call or allocation-equivalent private control, including output allocation; records host wall-clock and HIP-event elapsed time",cyclic_latin_by_sample_round,rotating,2,72138752,72228864,30,1,,,306.46300315856934,306.46300315856934,303.99500131607056,325.9750932455063,303.99500131607056,325.9750932455063,331.21749947895296,328.4699996584095,349.54500224557705,117.98973327064358,109.17142982144195,0.4430896734694581,0.4099740871590897,True,3.4332275390625e-05,2.3062485573181395e-06,1.0,1.0,2.487908056299754,2.229009900010792
3584,18944,auto,auto,runtime-guarded:split8,split8,public:q4_group64_gemv,integration,"single synchronized measurement around one public auto call or allocation-equivalent private control, including output allocation; records host wall-clock and HIP-event elapsed time",cyclic_latin_by_sample_round,rotating,2,72138752,72228864,30,1,,,123.18100035190582,123.18100035190582,121.58910036087036,137.87299692630768,121.58910036087036,137.87299692630768,148.5940010752529,146.18899986089673,164.76699856866617,293.5476079646933,243.34419787032752,1.1023663682878924,0.9138362990254982,True,2.384185791015625e-06,2.0284139585174614e-07,2.487908056299754,2.229009900010792,1.0,1.0
3584,18944,selected,split8,split8,,private-allocation-equivalent:_q4_group64_gemv(out=None),integration,"single synchronized measurement around one public auto call or allocation-equivalent private control, including output allocation; records host wall-clock and HIP-event elapsed time",cyclic_latin_by_sample_round,rotating,2,72138752,72228864,30,1,,,123.82149696350098,123.82149696350098,121.51709869503975,132.35789984464645,121.51709869503975,132.35789984464645,148.45900113868993,145.7680013118079,156.71300134272315,292.02916203362315,243.5654808577078,1.096664111887027,0.9146672883319811,True,2.384185791015625e-06,2.0284139585174614e-07,2.4750387507340976,2.2310368313035505,1.005199638010451,0.9990914846118546
3584,18944,old,old,old,,private-allocation-equivalent:_q4_group64_gemv(out=None),batched,"synchronized measurement around repeated public auto calls or allocation-equivalent private controls, each including output allocation, divided by iterations; records host wall-clock and HIP-event elapsed time",cyclic_latin_by_sample_round,rotating,2,72138752,72228864,30,337,297.1895980834961,297.45837000518804,183.93896312317437,183.93896312317437,183.22540645429572,186.69922599452897,183.22540645429572,186.69922599452897,184.02999703755438,183.33191691391903,186.7867718084207,196.58416784586237,196.48692377374246,0.7382372374746295,0.7378720544797361,True,3.4332275390625e-05,2.3062485573181395e-06,1.0,1.0,2.781512982208923,2.7816369611611305
3584,18944,auto,auto,runtime-guarded:split8,split8,public:q4_group64_gemv,batched,"synchronized measurement around repeated public auto calls or allocation-equivalent private controls, each including output allocation, divided by iterations; records host wall-clock and HIP-event elapsed time",cyclic_latin_by_sample_round,rotating,2,72138752,72228864,30,931,107.1733570098877,107.49919998488622,66.12910466342684,66.12910466342684,65.91956879219359,68.99975490877375,65.91956879219359,68.99975490877375,66.15888399783675,65.95484629610031,69.02819538152492,546.8014149600041,546.5552895538917,2.0534164599857334,2.052492179348733,True,2.384185791015625e-06,2.0284139585174614e-07,2.781512982208923,2.7816369611611305,1.0,1.0
3584,18944,selected,split8,split8,,private-allocation-equivalent:_q4_group64_gemv(out=None),batched,"synchronized measurement around repeated public auto calls or allocation-equivalent private controls, each including output allocation, divided by iterations; records host wall-clock and HIP-event elapsed time",cyclic_latin_by_sample_round,rotating,2,72138752,72228864,30,942,105.9366512298584,106.2439099769108,68.46414553891321,68.46414553891321,66.10277301440067,69.59663034750906,66.10277301440067,69.59663034750906,68.49214118806994,66.13116454363777,69.62438375975988,528.1521841158143,527.9363058706407,1.98338255638961,1.982571863641083,True,2.384185791015625e-06,2.0284139585174614e-07,2.686646589617164,2.686877557707438,1.0353103355530198,1.0352674810885485
4096,4096,old,old,old,,private-allocation-equivalent:_q4_group64_gemv(out=None),integration,"single synchronized measurement around one public auto call or allocation-equivalent private control, including output allocation; records host wall-clock and HIP-event elapsed time",cyclic_latin_by_sample_round,rotating,8,71303168,71335936,30,1,,,84.16099846363068,84.16099846363068,82.14500173926353,91.86100214719772,82.14500173926353,91.86100214719772,109.20900058408733,107.08990012062714,118.05800022557379,106.29227508352075,81.91324846995677,0.3986933688114478,0.3072496938946364,True,7.152557373046875e-06,1.1054492264509916e-06,1.0,1.0,1.8997968371275724,1.5800027563994243
4096,4096,auto,auto,runtime-guarded:split8,split8,public:q4_group64_gemv,integration,"single synchronized measurement around one public auto call or allocation-equivalent private control, including output allocation; records host wall-clock and HIP-event elapsed time",cyclic_latin_by_sample_round,rotating,8,71303168,71335936,30,1,,,44.29999925196171,44.29999925196171,43.480001389980316,51.84900052845479,43.480001389980316,51.84900052845479,69.11950003996026,67.91499872633722,77.47999952698592,201.93372801476661,129.42315836816263,0.7574364010517254,0.48545536325640487,True,9.5367431640625e-07,1.679710181895155e-07,1.8997968371275724,1.5800027563994243,1.0,1.0
4096,4096,selected,split8,split8,,private-allocation-equivalent:_q4_group64_gemv(out=None),integration,"single synchronized measurement around one public auto call or allocation-equivalent private control, including output allocation; records host wall-clock and HIP-event elapsed time",cyclic_latin_by_sample_round,rotating,8,71303168,71335936,30,1,,,45.01999914646149,45.01999914646149,43.6080988496542,52.27600000798703,43.6080988496542,52.27600000798703,69.5195012667682,67.36099749105051,74.77499966626057,198.70422411376518,128.67848354769797,0.7453228040018152,0.4826621507430136,True,9.5367431640625e-07,1.679710181895155e-07,1.8694135952742599,1.5709117383483238,1.0162528195633749,1.005787096645327
4096,4096,old,old,old,,private-allocation-equivalent:_q4_group64_gemv(out=None),batched,"synchronized measurement around repeated public auto calls or allocation-equivalent private controls, each including output allocation, divided by iterations; records host wall-clock and HIP-event elapsed time",cyclic_latin_by_sample_round,rotating,8,71303168,71335936,30,1505,66.18032932281494,66.46326997724827,42.40085056849888,42.40085056849888,42.27988182904317,42.614006473376506,42.27988182904317,42.614006473376506,42.41812126214989,42.29647441898848,42.63068372198068,210.97840916064206,210.89250852753597,0.7913622380238003,0.791040031986069,True,7.152557373046875e-06,1.1054492264509916e-06,1.0,1.0,2.397550556971161,2.3965778633219674
4096,4096,auto,auto,runtime-guarded:split8,split8,public:q4_group64_gemv,batched,"synchronized measurement around repeated public auto calls or allocation-equivalent private controls, each including output allocation, divided by iterations; records host wall-clock and HIP-event elapsed time",cyclic_latin_by_sample_round,rotating,8,71303168,71335936,30,3574,27.731499671936035,27.983709987893235,17.685070475453962,17.685070475453962,17.61292349244872,18.108620240692325,17.61292349244872,18.108620240692325,17.699454672986455,17.623105204503457,18.115947677239184,505.83140239198684,505.4203174775319,1.897330974539907,1.8957890296593138,True,9.5367431640625e-07,1.679710181895155e-07,2.397550556971161,2.3965778633219674,1.0,1.0
4096,4096,selected,split8,split8,,private-allocation-equivalent:_q4_group64_gemv(out=None),batched,"synchronized measurement around repeated public auto calls or allocation-equivalent private controls, each including output allocation, divided by iterations; records host wall-clock and HIP-event elapsed time",cyclic_latin_by_sample_round,rotating,8,71303168,71335936,30,3606,27.4780011177063,27.73332002107054,17.848949464109296,17.848949464109296,17.63906706324962,18.095667918919858,17.63906706324962,18.095667918919858,17.85727495827458,17.652924542846986,18.103023516251668,501.18714370209625,500.9534781148016,1.8799107514686686,1.8790342915368383,True,9.5367431640625e-07,1.679710181895155e-07,2.3755375997763117,2.3753972182913876,1.0092665160075438,1.0089166750164906
4096,12288,old,old,old,,private-allocation-equivalent:_q4_group64_gemv(out=None),integration,"single synchronized measurement around one public auto call or allocation-equivalent private control, including output allocation; records host wall-clock and HIP-event elapsed time",cyclic_latin_by_sample_round,rotating,3,80216064,80281600,30,1,,,222.92250394821167,222.92250394821167,211.1899957060814,228.46300154924393,211.1899957060814,228.46300154924393,248.2880008756183,235.7959994697012,255.1788988057524,120.24009925093536,107.956179539372,0.4515618397296741,0.4054295642358811,True,3.62396240234375e-05,1.8982629152416807e-06,1.0,1.0,2.3172575953308114,2.023883460130343
4096,12288,auto,auto,runtime-guarded:split8,split8,public:q4_group64_gemv,integration,"single synchronized measurement around one public auto call or allocation-equivalent private control, including output allocation; records host wall-clock and HIP-event elapsed time",cyclic_latin_by_sample_round,rotating,3,80216064,80281600,30,1,,,96.20100259780884,96.20100259780884,87.76099979877472,103.79600003361702,87.76099979877472,103.79600003361702,122.67900092410855,112.43289918638766,129.35600061609875,278.6272832525606,218.49072618859668,1.046385102875142,0.820542189304852,True,1.9073486328125e-06,1.9078775106768365e-07,2.3172575953308114,2.023883460130343,1.0,1.0
4096,12288,selected,split8,split8,,private-allocation-equivalent:_q4_group64_gemv(out=None),integration,"single synchronized measurement around one public auto call or allocation-equivalent private control, including output allocation; records host wall-clock and HIP-event elapsed time",cyclic_latin_by_sample_round,rotating,3,80216064,80281600,30,1,,,97.59100154042244,97.59100154042244,87.83299922943115,108.58390256762505,87.83299922943115,108.58390256762505,122.33400229888503,111.99210093764123,132.9610007815063,274.6587654282615,219.1068999321401,1.0314813293344982,0.8228562305519981,True,1.9073486328125e-06,1.9078775106768365e-07,2.2842526506491136,2.02959108841223,1.0144489028708445,0.9971877939775777
4096,12288,old,old,old,,private-allocation-equivalent:_q4_group64_gemv(out=None),batched,"synchronized measurement around repeated public auto calls or allocation-equivalent private controls, each including output allocation, divided by iterations; records host wall-clock and HIP-event elapsed time",cyclic_latin_by_sample_round,rotating,3,80216064,80281600,30,504,198.39038848876953,198.73840999935055,125.89968953813826,125.89968953813826,125.18894180418954,127.98338693285746,125.18894180418954,127.98338693285746,126.04066369166259,125.29439861267862,128.09808155098938,212.9014304827202,212.66330416643993,0.7995515824485532,0.7986572987766545,True,3.62396240234375e-05,1.8982629152416807e-06,1.0,1.0,2.6209583606443867,2.62283758174113
4096,12288,auto,auto,runtime-guarded:split8,split8,public:q4_group64_gemv,batched,"synchronized measurement around repeated public auto calls or allocation-equivalent private controls, each including output allocation, divided by iterations; records host wall-clock and HIP-event elapsed time",cyclic_latin_by_sample_round,rotating,3,80216064,80281600,30,1352,73.70380878448486,74.00721999147208,48.03574579001884,48.03574579001884,47.610466861160546,49.58125458666559,47.610466861160546,49.58125458666559,48.055077664394474,47.63486471826242,49.617107913827404,558.0057842168352,557.7813064249837,2.095591404784985,2.094748378163264,True,1.9073486328125e-06,1.9078775106768365e-07,2.6209583606443867,2.62283758174113,1.0,1.0
4096,12288,selected,split8,split8,,private-allocation-equivalent:_q4_group64_gemv(out=None),batched,"synchronized measurement around repeated public auto calls or allocation-equivalent private controls, each including output allocation, divided by iterations; records host wall-clock and HIP-event elapsed time",cyclic_latin_by_sample_round,rotating,3,80216064,80281600,30,1364,73.0177116394043,73.31943001190666,49.27929685262641,49.27929685262641,47.77302392417035,50.01439964316808,47.77302392417035,50.01439964316808,49.341810483538296,47.80278152332056,50.08236378263355,543.9246440581352,543.2355184644589,2.042709665704879,2.040121653695376,True,1.9073486328125e-06,1.9078775106768365e-07,2.5548191142956265,2.5544393782168373,1.0258880348822639,1.02677620933484
4096,14336,old,old,old,,private-allocation-equivalent:_q4_group64_gemv(out=None),integration,"single synchronized measurement around one public auto call or allocation-equivalent private control, including output allocation; records host wall-clock and HIP-event elapsed time",cyclic_latin_by_sample_round,rotating,3,93585408,93659136,30,1,,,245.58299779891968,245.58299779891968,239.53100442886353,250.01890212297442,239.53100442886353,250.01890212297442,271.843002337846,268.66100160987116,278.0521012027748,127.32503585448761,115.02545120193719,0.4782110856719765,0.43201594666779447,True,4.9114227294921875e-05,2.0215339270543494e-06,1.0,1.0,2.4469963030685715,2.1774527606511
4096,14336,auto,auto,runtime-guarded:split8,split8,public:q4_group64_gemv,integration,"single synchronized measurement around one public auto call or allocation-equivalent private control, including output allocation; records host wall-clock and HIP-event elapsed time",cyclic_latin_by_sample_round,rotating,3,93585408,93659136,30,1,,,100.36100074648857,100.36100074648857,99.17789995670319,109.40999910235406,99.17789995670319,109.40999910235406,124.84450053307228,123.47400006547105,140.02499883645214,311.5638920240045,250.46248626479655,1.1701807587257345,0.9406943157170876,True,1.9073486328125e-06,2.0124142604797145e-07,2.4469963030685715,2.1774527606511,1.0,1.0
4096,14336,selected,split8,split8,,private-allocation-equivalent:_q4_group64_gemv(out=None),integration,"single synchronized measurement around one public auto call or allocation-equivalent private control, including output allocation; records host wall-clock and HIP-event elapsed time",cyclic_latin_by_sample_round,rotating,3,93585408,93659136,30,1,,,100.30100122094154,100.30100122094154,91.12899675965309,107.97689780592918,91.12899675965309,107.97689780592918,125.57400077639613,123.74400066619273,133.36099982552696,311.7502678873705,249.0074681595837,1.1708807546327857,0.9352295162524998,True,1.9073486328125e-06,2.0124142604797145e-07,2.448460083244365,2.1648032288300216,0.9994021629407763,1.0058432709507346
4096,14336,old,old,old,,private-allocation-equivalent:_q4_group64_gemv(out=None),batched,"synchronized measurement around repeated public auto calls or allocation-equivalent private controls, each including output allocation, divided by iterations; records host wall-clock and HIP-event elapsed time",cyclic_latin_by_sample_round,rotating,3,93585408,93659136,30,431,232.09697723388672,232.36959998030216,147.1320990896557,147.1320990896557,146.87215269579966,149.28229347459126,146.87215269579966,149.28229347459126,147.22751739880977,146.9593060345647,149.48348491591065,212.52238086364935,212.38464488468503,0.7981977605609842,0.7976804477513347,True,4.9114227294921875e-05,2.0215339270543494e-06,1.0,1.0,2.601594473658168,2.6022614830046114
4096,14336,auto,auto,runtime-guarded:split8,split8,public:q4_group64_gemv,batched,"synchronized measurement around repeated public auto calls or allocation-equivalent private controls, each including output allocation, divided by iterations; records host wall-clock and HIP-event elapsed time",cyclic_latin_by_sample_round,rotating,3,93585408,93659136,30,1201,82.94583320617676,83.28676001838176,56.55458626600229,56.55458626600229,56.25617720503096,58.10314689845864,56.25617720503096,58.10314689845864,56.57675770108183,56.27602248032258,58.133967358208565,552.8970515835466,552.6803809650282,2.076586882761782,2.0757731049291706,True,1.9073486328125e-06,2.0124142604797145e-07,2.601594473658168,2.6022614830046114,1.0,1.0
4096,14336,selected,split8,split8,,private-allocation-equivalent:_q4_group64_gemv(out=None),batched,"synchronized measurement around repeated public auto calls or allocation-equivalent private controls, each including output allocation, divided by iterations; records host wall-clock and HIP-event elapsed time",cyclic_latin_by_sample_round,rotating,3,93585408,93659136,30,1208,82.52242088317871,82.80506001028698,57.82692321878395,57.82692321878395,56.3323974609375,58.6699820512178,56.3323974609375,58.6699820512178,57.86035471949117,56.35292383964127,58.70841283190534,540.7319334922339,540.4195005646343,2.0308967771927335,2.0297233324848305,True,1.9073486328125e-06,2.0124142604797145e-07,2.5443528878925843,2.544531883922479,1.0224975026215783,1.0226877090622815
8192,3072,old,old,old,,private-allocation-equivalent:_q4_group64_gemv(out=None),integration,"single synchronized measurement around one public auto call or allocation-equivalent private control, including output allocation; records host wall-clock and HIP-event elapsed time",cyclic_latin_by_sample_round,rotating,6,80216064,80261120,30,1,,,69.9009969830513,69.9009969830513,67.79299899935722,76.44309774041176,67.79299899935722,76.44309774041176,94.34499952476472,92.6988974242704,99.55390123650432,191.9057034802029,142.18453619769048,0.7200419188899948,0.533485062838846,True,9.059906005859375e-06,9.805469364069864e-07,1.0,1.0,1.258547656630743,1.1750602825787935
8192,3072,auto,auto,runtime-guarded:split4,split4,public:q4_group64_gemv,integration,"single synchronized measurement around one public auto call or allocation-equivalent private control, including output allocation; records host wall-clock and HIP-event elapsed time",cyclic_latin_by_sample_round,rotating,6,80216064,80261120,30,1,,,55.54100126028061,55.54100126028061,54.18089963495731,60.985000804066665,54.18089963495731,60.985000804066665,80.28949741856195,79.0918984421296,86.24710026197138,241.52247340908355,167.07540128279288,0.9062070696949065,0.6268771086909798,True,8.344650268554688e-07,1.724462763838487e-07,1.258547656630743,1.1750602825787935,1.0,1.0
8192,3072,selected,split4,split4,,private-allocation-equivalent:_q4_group64_gemv(out=None),integration,"single synchronized measurement around one public auto call or allocation-equivalent private control, including output allocation; records host wall-clock and HIP-event elapsed time",cyclic_latin_by_sample_round,rotating,6,80216064,80261120,30,1,,,55.92099949717522,55.92099949717522,54.833000525832176,62.02009990811349,54.833000525832176,62.02009990811349,80.2294998720754,79.37610171211418,84.79900025122333,239.88126322165635,167.20034427971055,0.9000491488451032,0.6273459024455217,True,8.344650268554688e-07,1.724462763838487e-07,1.2499954866969476,1.1759390208738214,1.0068417606501876,0.9992527348107091
8192,3072,old,old,old,,private-allocation-equivalent:_q4_group64_gemv(out=None),batched,"synchronized measurement around repeated public auto calls or allocation-equivalent private controls, each including output allocation, divided by iterations; records host wall-clock and HIP-event elapsed time",cyclic_latin_by_sample_round,rotating,6,80216064,80261120,30,1876,53.05459976196289,53.318259997467976,33.87384984030652,33.87384984030652,33.70254634539964,33.98721446868962,33.70254634539964,33.98721446868962,33.89554904022003,33.75846321963965,34.029045788955855,396.01049373603223,395.75697635352185,1.4858555563445384,1.4849043436433822,True,9.059906005859375e-06,9.805469364069864e-07,1.0,1.0,1.2434209299546748,1.243577444238335
8192,3072,auto,auto,runtime-guarded:split4,split4,public:q4_group64_gemv,batched,"synchronized measurement around repeated public auto calls or allocation-equivalent private controls, each including output allocation, divided by iterations; records host wall-clock and HIP-event elapsed time",cyclic_latin_by_sample_round,rotating,6,80216064,80261120,30,2542,39.08684015274048,39.33924999728333,27.24246393499367,27.24246393499367,26.983096635219713,27.855314409329523,26.983096635219713,27.855314409329523,27.25648426421914,27.003762430892813,27.87187372149604,492.4077363930671,492.1544491932039,1.847543897648247,1.8465935486064395,True,8.344650268554688e-07,1.724462763838487e-07,1.2434209299546748,1.243577444238335,1.0,1.0
8192,3072,selected,split4,split4,,private-allocation-equivalent:_q4_group64_gemv(out=None),batched,"synchronized measurement around repeated public auto calls or allocation-equivalent private controls, each including output allocation, divided by iterations; records host wall-clock and HIP-event elapsed time",cyclic_latin_by_sample_round,rotating,6,80216064,80261120,30,2580,38.53262901306152,38.769750026403926,27.222101078477017,27.222101078477017,26.98214420052462,27.425302313279737,26.98214420052462,27.425302313279737,27.237913178227203,27.003467093609213,27.44152201571982,492.77607049244307,492.49000509785327,1.8489259096827908,1.8478525748526478,True,8.344650268554688e-07,1.724462763838487e-07,1.2443510419219135,1.2444253279768382,0.9992525324961339,0.9993186543865338
12288,4096,old,old,old,,private-allocation-equivalent:_q4_group64_gemv(out=None),integration,"single synchronized measurement around one public auto call or allocation-equivalent private control, including output allocation; records host wall-clock and HIP-event elapsed time",cyclic_latin_by_sample_round,rotating,3,80216064,80281600,30,1,,,109.38100144267082,109.38100144267082,105.8011032640934,116.59999713301659,105.8011032640934,116.59999713301659,133.9940008620033,130.88400082779117,141.03700123087037,245.0537446765719,200.04047813756173,0.9202996377095708,0.7512522601938748,True,1.1920928955078125e-05,1.1058956655964316e-06,1.0,1.0,1.468980236882048,1.3545008904543812
12288,4096,auto,auto,runtime-guarded:split8,split8,public:q4_group64_gemv,integration,"single synchronized measurement around one public auto call or allocation-equivalent private control, including output allocation; records host wall-clock and HIP-event elapsed time",cyclic_latin_by_sample_round,rotating,3,80216064,80281600,30,1,,,74.46049898862839,74.46049898862839,73.14100041985512,83.10700207948685,73.14100041985512,83.10700207948685,98.92500020214356,97.38310000102501,104.46989872434644,359.9791079038235,270.9550057642476,1.3519019798050684,1.01757185538847,True,1.1920928955078125e-06,1.6942499648085317e-07,1.468980236882048,1.3545008904543812,1.0,1.0
12288,4096,selected,split8,split8,,private-allocation-equivalent:_q4_group64_gemv(out=None),integration,"single synchronized measurement around one public auto call or allocation-equivalent private control, including output allocation; records host wall-clock and HIP-event elapsed time",cyclic_latin_by_sample_round,rotating,3,80216064,80281600,30,1,,,74.20100271701813,74.20100271701813,72.67699912190437,82.89500325918198,72.67699912190437,82.89500325918198,98.8649990176782,97.05189913802315,111.20699819002766,361.2380293865275,271.1194484026353,1.3566298609723868,1.0181894199179655,True,1.1920928955078125e-06,1.6942499648085317e-07,1.474117564958244,1.3553229372716995,0.9965149807598,0.999393467936894
12288,4096,old,old,old,,private-allocation-equivalent:_q4_group64_gemv(out=None),batched,"synchronized measurement around repeated public auto calls or allocation-equivalent private controls, each including output allocation, divided by iterations; records host wall-clock and HIP-event elapsed time",cyclic_latin_by_sample_round,rotating,3,80216064,80281600,30,879,113.5546875,113.83535998902516,55.09136317126173,55.09136317126173,54.964332884353446,55.993262628375206,54.964332884353446,55.993262628375206,55.15471843062475,55.01149715736852,56.08633936461501,486.5413098723677,485.98242838851866,1.8272064840194542,1.82510760392363,True,1.1920928955078125e-05,1.1058956655964316e-06,1.0,1.0,1.154427784474756,1.1553905241303049
12288,4096,auto,auto,runtime-guarded:split8,split8,public:q4_group64_gemv,batched,"synchronized measurement around repeated public auto calls or allocation-equivalent private controls, each including output allocation, divided by iterations; records host wall-clock and HIP-event elapsed time",cyclic_latin_by_sample_round,rotating,3,80216064,80281600,30,1682,59.15256977081299,59.457919996930286,47.72179248641986,47.72179248641986,47.48718860458392,48.0309072487703,47.48718860458392,48.0309072487703,47.736862367069584,47.514620749181226,48.04658424350599,561.6768064114032,561.4994926539288,2.1093779331244873,2.1087120310915277,True,1.1920928955078125e-06,1.6942499648085317e-07,1.154427784474756,1.1553905241303049,1.0,1.0
12288,4096,selected,split8,split8,,private-allocation-equivalent:_q4_group64_gemv(out=None),batched,"synchronized measurement around repeated public auto calls or allocation-equivalent private controls, each including output allocation, divided by iterations; records host wall-clock and HIP-event elapsed time",cyclic_latin_by_sample_round,rotating,3,80216064,80281600,30,1715,58.065857887268066,58.32032002217602,47.50625565865297,47.50625565865297,47.24415370396205,48.28314200087122,47.24415370396205,48.28314200087122,47.54491224326669,47.25979714157669,48.30331492575284,564.2251452650063,563.7663997118012,2.1189482228045224,2.1172254033186473,True,1.1920928955078125e-06,1.6942499648085317e-07,1.15966544631743,1.1600551105956822,0.9954834716690865,0.9959789958056542
14336,4096,old,old,old,,private-allocation-equivalent:_q4_group64_gemv(out=None),integration,"single synchronized measurement around one public auto call or allocation-equivalent private control, including output allocation; records host wall-clock and HIP-event elapsed time",cyclic_latin_by_sample_round,rotating,3,93585408,93659136,30,1,,,111.20150238275528,111.20150238275528,106.6130019724369,146.52899354696277,106.6130019724369,146.52899354696277,134.3494986940641,131.53700056136586,180.7298991479911,281.1910210742716,232.74269203790888,1.0561054435736854,0.8741417954035792,True,1.1920928955078125e-05,1.134917060156308e-06,1.0,1.0,1.3336551633364708,1.2447951823046908
14336,4096,auto,auto,runtime-guarded:split8,split8,public:q4_group64_gemv,integration,"single synchronized measurement around one public auto call or allocation-equivalent private control, including output allocation; records host wall-clock and HIP-event elapsed time",cyclic_latin_by_sample_round,rotating,3,93585408,93659136,30,1,,,83.38100090622902,83.38100090622902,81.43300041556358,103.82299795746803,81.43300041556358,103.82299795746803,107.92899956868496,106.01499816402793,128.26700185541995,375.0118571395567,289.7169817654133,1.4084804778497995,1.0881274955695481,True,1.1920928955078125e-06,1.6994313198785315e-07,1.3336551633364708,1.2447951823046908,1.0,1.0
14336,4096,selected,split8,split8,,private-allocation-equivalent:_q4_group64_gemv(out=None),integration,"single synchronized measurement around one public auto call or allocation-equivalent private control, including output allocation; records host wall-clock and HIP-event elapsed time",cyclic_latin_by_sample_round,rotating,3,93585408,93659136,30,1,,,83.8409997522831,83.8409997522831,81.85700178146362,92.36700162291528,81.85700178146362,92.36700162291528,109.55949801427778,106.30510187183972,117.52699865610339,372.95433132223013,285.40532374404495,1.4007527623357323,1.0719336445361876,True,1.1920928955078125e-06,1.6994313198785315e-07,1.326337981552124,1.226269754143595,1.0055168304656283,1.0151071394352653
14336,4096,old,old,old,,private-allocation-equivalent:_q4_group64_gemv(out=None),batched,"synchronized measurement around repeated public auto calls or allocation-equivalent private controls, each including output allocation, divided by iterations; records host wall-clock and HIP-event elapsed time",cyclic_latin_by_sample_round,rotating,3,93585408,93659136,30,1074,92.89575576782227,93.15480001532706,61.09620916554826,61.09620916554826,60.90892386836047,61.51944876161146,60.90892386836047,61.51944876161146,61.13747858389904,60.966037243963015,61.56233519664099,511.7971217375022,511.4516451163372,1.92222256673535,1.9209250155587663,True,1.1920928955078125e-05,1.134917060156308e-06,1.0,1.0,1.0833492770480606,1.0835640860563844
14336,4096,auto,auto,runtime-guarded:split8,split8,public:q4_group64_gemv,batched,"synchronized measurement around repeated public auto calls or allocation-equivalent private controls, each including output allocation, divided by iterations; records host wall-clock and HIP-event elapsed time",cyclic_latin_by_sample_round,rotating,3,93585408,93659136,30,1491,66.83095932006836,67.10896002914524,56.39567077759526,56.39567077759526,56.31161644345238,56.61629229724047,56.31161644345238,56.61629229724047,56.42257746508376,56.337482898951606,56.64298262994138,554.4550418296013,554.1906344025183,2.082438427998209,2.0814453588667807,True,1.1920928955078125e-06,1.6994313198785315e-07,1.0833492770480606,1.0835640860563844,1.0,1.0
14336,4096,selected,split8,split8,,private-allocation-equivalent:_q4_group64_gemv(out=None),batched,"synchronized measurement around repeated public auto calls or allocation-equivalent private controls, each including output allocation, divided by iterations; records host wall-clock and HIP-event elapsed time",cyclic_latin_by_sample_round,rotating,3,93585408,93659136,30,1528,65.19195079803467,65.45608001033543,56.39617480532661,56.39617480532661,56.34248793437219,56.73962238571407,56.34248793437219,56.73962238571407,56.427231022279514,56.37194175439346,56.766857526815016,554.4500865162696,554.1449302669827,2.082419816687776,2.0812737019406504,True,1.1920928955078125e-06,1.6994313198785315e-07,1.0833395948651776,1.0834747244598932,1.0000089373479277,1.0000824768630718
18944,3584,old,old,old,,private-allocation-equivalent:_q4_group64_gemv(out=None),integration,"single synchronized measurement around one public auto call or allocation-equivalent private control, including output allocation; records host wall-clock and HIP-event elapsed time",cyclic_latin_by_sample_round,rotating,2,72138752,72228864,30,1,,,124.90200251340866,124.90200251340866,120.81400230526924,145.17690241336823,120.81400230526924,145.17690241336823,149.54399921407457,145.59489936800674,171.0130018182099,289.5028684277352,241.798321497589,1.0871770609556273,0.9080310324295503,True,9.715557098388672e-06,1.032396293375192e-06,1.0,1.0,1.4036850949323885,1.3172259265310893
18944,3584,auto,auto,runtime-guarded:split8,split8,public:q4_group64_gemv,integration,"single synchronized measurement around one public auto call or allocation-equivalent private control, including output allocation; records host wall-clock and HIP-event elapsed time",cyclic_latin_by_sample_round,rotating,2,72138752,72228864,30,1,,,88.9814980328083,88.9814980328083,86.86899691820145,109.4250001013279,86.86899691820145,109.4250001013279,113.52949877618812,111.27689904242288,135.7910001388518,406.37086135218425,318.5030180683239,1.526054236015815,1.1960820180109961,True,9.5367431640625e-07,1.703562176801984e-07,1.4036850949323885,1.3172259265310893,1.0,1.0
18944,3584,selected,split8,split8,,private-allocation-equivalent:_q4_group64_gemv(out=None),integration,"single synchronized measurement around one public auto call or allocation-equivalent private control, including output allocation; records host wall-clock and HIP-event elapsed time",cyclic_latin_by_sample_round,rotating,2,72138752,72228864,30,1,,,90.36099910736084,90.36099910736084,87.63700053095818,105.58099746704102,87.63700053095818,105.58099746704102,115.09400064824149,112.06299932382535,130.85299979138654,400.1669786434935,314.1735259556509,1.5027566465778317,1.179823372505861,True,9.5367431640625e-07,1.703562176801984e-07,1.3822556605976493,1.2993205412254425,1.0155032349988522,1.013780575876034
18944,3584,old,old,old,,private-allocation-equivalent:_q4_group64_gemv(out=None),batched,"synchronized measurement around repeated public auto calls or allocation-equivalent private controls, each including output allocation, divided by iterations; records host wall-clock and HIP-event elapsed time",cyclic_latin_by_sample_round,rotating,2,72138752,72228864,30,937,106.39681816101074,106.7635100116604,65.41490300360712,65.41490300360712,64.89931552361782,66.13189387855816,64.89931552361782,66.13189387855816,65.47525026592916,64.95537566429968,66.17607310620991,552.7714074269297,552.2619287919855,2.075835715792657,2.0739224584630613,True,9.715557098388672e-06,1.032396293375192e-06,1.0,1.0,1.2609674428885862,1.2615782372488187
18944,3584,auto,auto,runtime-guarded:split8,split8,public:q4_group64_gemv,batched,"synchronized measurement around repeated public auto calls or allocation-equivalent private controls, each including output allocation, divided by iterations; records host wall-clock and HIP-event elapsed time",cyclic_latin_by_sample_round,rotating,2,72138752,72228864,30,1349,73.88693809509277,74.16561998979887,51.87675809754187,51.87675809754187,51.4545613169405,52.49921715286062,51.4545613169405,52.49921715286062,51.89947664975106,51.476453670091786,52.53374573731573,697.0267481250603,696.7216306250256,2.617561254399864,2.616415439338565,True,9.5367431640625e-07,1.703562176801984e-07,1.2609674428885862,1.2615782372488187,1.0,1.0
18944,3584,selected,split8,split8,,private-allocation-equivalent:_q4_group64_gemv(out=None),batched,"synchronized measurement around repeated public auto calls or allocation-equivalent private controls, each including output allocation, divided by iterations; records host wall-clock and HIP-event elapsed time",cyclic_latin_by_sample_round,rotating,2,72138752,72228864,30,1413,70.41611194610596,70.79194001562428,52.265469604405794,52.265469604405794,51.697114268179405,52.92350947224157,51.697114268179405,52.92350947224157,52.296025123575625,51.71990311567069,52.95030283044438,691.8427840348321,691.4385541645861,2.5980937897964154,2.596575775675618,True,9.5367431640625e-07,1.703562176801984e-07,1.2515893093227441,1.2520119858289611,1.007492979922397,1.007640702747365
