n,k,requested,mapping,resolved,timing,timing_boundary,cache,rotations,packed_ring_bytes,total_ring_bytes,samples,iterations_per_sample,calibration_us,median_us,p10_us,p90_us,effective_gbps,effective_tflops,correct,speedup_vs_old
512,3584,old,old,old,integration,single HIP-event interval around one Python/AITER entry call; includes a possible device idle gap before host launch submission,rotating,69,67264512,67280896,30,1,,63.620999455451965,62.78809756040573,76.42099931836128,15.58026451146952,0.05768560744742434,True,1.0
512,3584,old,old,old,batched,"HIP events around repeated Python/AITER entry calls, divided by iterations; first event/submission gap is amortized, but host queue starvation is not excluded",rotating,69,67264512,67280896,30,1619,61.8017578125,40.020818398129876,39.44980204289456,46.800350686368425,24.76790929508626,0.09170267243139374,True,1.0
512,3584,auto,auto,small32x32,integration,single HIP-event interval around one Python/AITER entry call; includes a possible device idle gap before host launch submission,rotating,69,67264512,67280896,30,1,,24.654999375343323,22.788899950683117,27.669000066816807,40.20409755075068,0.14885484051848186,True,2.58045025622987
512,3584,auto,auto,small32x32,batched,"HIP events around repeated Python/AITER entry calls, divided by iterations; first event/submission gap is amortized, but host queue starvation is not excluded",rotating,69,67264512,67280896,30,6634,15.076040029525757,14.812771369076149,14.750801111726757,14.92876277690125,66.91739008875432,0.24776025421290854,True,2.7017779050906876
512,3584,selected,small32x32,small32x32,integration,single HIP-event interval around one Python/AITER entry call; includes a possible device idle gap before host launch submission,rotating,69,67264512,67280896,30,1,,24.68049991875887,23.851999454200268,31.7120011895895,40.162557616857505,0.14870103977150545,True,2.5777840669708496
512,3584,selected,small32x32,small32x32,batched,"HIP events around repeated Python/AITER entry calls, divided by iterations; first event/submission gap is amortized, but host queue starvation is not excluded",rotating,69,67264512,67280896,30,6500,15.38633942604065,14.855794466458834,14.749540475698618,14.939496201735277,66.72359409912322,0.24704272856534878,True,2.6939534259502724
1024,3072,old,old,old,integration,single HIP-event interval around one Python/AITER entry call; includes a possible device idle gap before host launch submission,rotating,41,68517888,68534272,30,1,,47.660499811172485,42.395998910069466,49.99900050461292,35.407769676901445,0.13200566559155488,True,1.0
1024,3072,old,old,old,batched,"HIP events around repeated Python/AITER entry calls, divided by iterations; first event/submission gap is amortized, but host queue starvation is not excluded",rotating,41,68517888,68534272,30,3303,30.27906894683838,31.251083313967655,31.152646107779034,31.3240455491161,53.99979204067302,0.2013196130448392,True,1.0
1024,3072,auto,auto,small32x32,integration,single HIP-event interval around one Python/AITER entry call; includes a possible device idle gap before host launch submission,rotating,41,68517888,68534272,30,1,,23.819999769330025,20.692099444568157,31.746000051498413,70.84601244089203,0.2641249395854615,True,2.000860632775439
1024,3072,auto,auto,small32x32,batched,"HIP events around repeated Python/AITER entry calls, divided by iterations; first event/submission gap is amortized, but host queue starvation is not excluded",rotating,41,68517888,68534272,30,6693,14.941829442977905,14.99346099447709,14.890519453772832,15.094535140273072,112.55253210860505,0.4196133235893625,True,2.0843141770588614
1024,3072,selected,small32x32,small32x32,integration,single HIP-event interval around one Python/AITER entry call; includes a possible device idle gap before host launch submission,rotating,41,68517888,68534272,30,1,,21.440500393509865,20.35200074315071,29.28390018641949,78.70861076128752,0.29343792749839237,True,2.2229191920165974
1024,3072,selected,small32x32,small32x32,batched,"HIP events around repeated Python/AITER entry calls, divided by iterations; first event/submission gap is amortized, but host queue starvation is not excluded",rotating,41,68517888,68534272,30,6593,15.168639421463013,14.928699425712225,14.881630817530786,14.975552679681279,113.04079155706422,0.42143363065934625,True,2.0933560535181526
1024,4096,old,old,old,integration,single HIP-event interval around one Python/AITER entry call; includes a possible device idle gap before host launch submission,rotating,31,69074944,69095424,30,1,,62.98049911856651,59.223998710513115,76.128900796175,35.70476626053106,0.1331937364327279,True,1.0
1024,4096,old,old,old,batched,"HIP events around repeated Python/AITER entry calls, divided by iterations; first event/submission gap is amortized, but host queue starvation is not excluded",rotating,31,69074944,69095424,30,1777,56.294918060302734,40.49583439352006,40.258644803830194,42.88600520196764,55.5292669894913,0.20714742949813875,True,1.0
1024,4096,auto,auto,small32x32,integration,single HIP-event interval around one Python/AITER entry call; includes a possible device idle gap before host launch submission,rotating,31,69074944,69095424,30,1,,26.30000002682209,12.65199976041913,46.42809852957727,85.50205314473978,0.31895847876216227,True,2.3946957815336796
1024,4096,auto,auto,small32x32,batched,"HIP events around repeated Python/AITER entry calls, divided by iterations; first event/submission gap is amortized, but host queue starvation is not excluded",rotating,31,69074944,69095424,30,6291,15.897949934005737,14.76674950799319,14.609938224194597,15.222683022613841,152.28158362019917,0.5680741042881019,True,2.7423661769030354
1024,4096,selected,small32x32,small32x32,integration,single HIP-event interval around one Python/AITER entry call; includes a possible device idle gap before host launch submission,rotating,31,69074944,69095424,30,1,,25.139999575912952,21.852000430226326,28.52699980139733,89.44725687881557,0.3336757415078584,True,2.505190937986696
1024,4096,selected,small32x32,small32x32,batched,"HIP events around repeated Python/AITER entry calls, divided by iterations; first event/submission gap is amortized, but host queue starvation is not excluded",rotating,31,69074944,69095424,30,6752,14.811040163040161,14.739589103590255,14.673712694249447,14.791089550578764,152.56219045158204,0.5691208853275774,True,2.7474194910668253
3072,3072,old,old,old,integration,single HIP-event interval around one Python/AITER entry call; includes a possible device idle gap before host launch submission,rotating,14,70189056,70213632,30,1,,46.00000008940697,36.12089976668358,48.14399890601635,109.52347804799648,0.41031234702859165,True,1.0
3072,3072,old,old,old,batched,"HIP events around repeated Python/AITER entry calls, divided by iterations; first event/submission gap is amortized, but host queue starvation is not excluded",rotating,14,70189056,70213632,30,3073,32.541799545288086,30.330183759714778,30.297911644292274,30.8502197265625,166.1077967714686,0.6222965264414043,True,1.0
3072,3072,auto,auto,split8,integration,single HIP-event interval around one Python/AITER entry call; includes a possible device idle gap before host launch submission,rotating,14,70189056,70213632,30,1,,28.459999710321426,27.579999715089798,36.29690036177635,177.02319224454766,0.6631893250917688,True,1.616303603570467
3072,3072,auto,auto,split8,batched,"HIP events around repeated Python/AITER entry calls, divided by iterations; first event/submission gap is amortized, but host queue starvation is not excluded",rotating,14,70189056,70213632,30,6591,15.172539949417114,14.895397910325158,14.750296920153607,14.979062422583233,338.23064213059496,1.2671274788112044,True,2.0362117173580554
3072,3072,selected,split8,split8,integration,single HIP-event interval around one Python/AITER entry call; includes a possible device idle gap before host launch submission,rotating,14,70189056,70213632,30,1,,21.140499971807003,20.59200033545494,36.37689985334874,238.3141366911279,0.8928061316038353,True,2.1759182682884806
3072,3072,selected,split8,split8,batched,"HIP events around repeated Python/AITER entry calls, divided by iterations; first event/submission gap is amortized, but host queue starvation is not excluded",rotating,14,70189056,70213632,30,6057,16.51136040687561,14.790376735949883,14.680826339230435,14.871553896834241,340.63229692819857,1.2761248977602755,True,2.0506701283675506
3072,8192,old,old,old,integration,single HIP-event interval around one Python/AITER entry call; includes a possible device idle gap before host launch submission,rotating,6,80216064,80261120,30,1,,126.92150473594666,118.3290034532547,134.98589992523193,105.69052130218545,0.39655729030878006,True,1.0
3072,8192,old,old,old,batched,"HIP events around repeated Python/AITER entry calls, divided by iterations; first event/submission gap is amortized, but host queue starvation is not excluded",rotating,6,80216064,80261120,30,827,121.03713989257812,83.2521653088866,82.81173613800824,93.98585253788166,161.12974299502218,0.6045686357016283,True,1.0
3072,8192,auto,auto,split8,integration,single HIP-event interval around one Python/AITER entry call; includes a possible device idle gap before host launch submission,rotating,6,80216064,80261120,30,1,,51.18099972605705,47.909000888466835,52.004000917077065,262.0972640589222,0.983404940688866,True,2.4798559116720207
3072,8192,auto,auto,split8,batched,"HIP events around repeated Python/AITER entry calls, divided by iterations; first event/submission gap is amortized, but host queue starvation is not excluded",rotating,6,80216064,80261120,30,2090,47.86846160888672,30.864368785511363,30.70753982762971,41.648167149301926,434.6241484224719,1.6307363468138427,True,2.697355189326522
3072,8192,selected,split8,split8,integration,single HIP-event interval around one Python/AITER entry call; includes a possible device idle gap before host launch submission,rotating,6,80216064,80261120,30,1,,47.66100086271763,46.70490026473999,56.33690133690835,281.4544335449172,1.0560342227175397,True,2.663005443413376
3072,8192,selected,split8,split8,batched,"HIP events around repeated Python/AITER entry calls, divided by iterations; first event/submission gap is amortized, but host queue starvation is not excluded",rotating,6,80216064,80261120,30,2267,44.11801815032959,30.79407552711544,30.73285661923712,32.762323353434645,435.61625963371023,1.6344588086653529,True,2.7035124089235825
3584,3584,old,old,old,integration,single HIP-event interval around one Python/AITER entry call; includes a possible device idle gap before host launch submission,rotating,10,68239360,68268032,30,1,,50.61999894678593,49.559999257326126,70.35499960184097,135.37353106632375,0.50750913738672,True,1.0
3584,3584,old,old,old,batched,"HIP events around repeated Python/AITER entry calls, divided by iterations; first event/submission gap is amortized, but host queue starvation is not excluded",rotating,10,68239360,68268032,30,2163,46.25174045562744,34.62765958647567,34.03287509278021,35.49436021611694,197.89405584535618,0.7418957072696198,True,1.0
3584,3584,auto,auto,split8,integration,single HIP-event interval around one Python/AITER entry call; includes a possible device idle gap before host launch submission,rotating,10,68239360,68268032,30,1,,30.52049968391657,20.576900616288185,31.2479991465807,224.52476437045783,0.8417330078490803,True,1.6585573457521476
3584,3584,auto,auto,split8,batched,"HIP events around repeated Python/AITER entry calls, divided by iterations; first event/submission gap is amortized, but host queue starvation is not excluded",rotating,10,68239360,68268032,30,5725,17.468160390853882,14.95992935380561,14.856743025467384,15.12302062188694,458.0641952200654,1.7172615854275257,True,2.314694058208694
3584,3584,selected,split8,split8,integration,single HIP-event interval around one Python/AITER entry call; includes a possible device idle gap before host launch submission,rotating,10,68239360,68268032,30,1,,30.619999393820763,28.761000744998455,42.41299852728845,223.79517098824252,0.838997795838767,True,1.6531678624723045
3584,3584,selected,split8,split8,batched,"HIP events around repeated Python/AITER entry calls, divided by iterations; first event/submission gap is amortized, but host queue starvation is not excluded",rotating,10,68239360,68268032,30,5796,17.254559993743896,15.13977393024621,15.011677238511743,15.352302719758576,452.62287479140446,1.6968623255778177,True,2.2871979295078244
3584,18944,old,old,old,integration,single HIP-event interval around one Python/AITER entry call; includes a possible device idle gap before host launch submission,rotating,2,72138752,72228864,30,1,,303.32250893116,297.22299575805664,333.38500559329987,119.21135733519372,0.4476772676004013,True,1.0
3584,18944,old,old,old,batched,"HIP events around repeated Python/AITER entry calls, divided by iterations; first event/submission gap is amortized, but host queue starvation is not excluded",rotating,2,72138752,72228864,30,333,300.54771423339844,183.61249127545514,181.8946826923359,285.7801168172567,196.93370395891858,0.7395498588180865,True,1.0
3584,18944,auto,auto,split8,integration,single HIP-event interval around one Python/AITER entry call; includes a possible device idle gap before host launch submission,rotating,2,72138752,72228864,30,1,,110.58099940419197,109.94900241494179,124.84099715948105,326.9954892325674,1.2279739985317257,True,2.7429893975045903
3584,18944,auto,auto,split8,batched,"HIP events around repeated Python/AITER entry calls, divided by iterations; first event/submission gap is amortized, but host queue starvation is not excluded",rotating,2,72138752,72228864,30,934,107.08464622497559,69.57494421229883,69.42517936102072,104.62065049361367,519.7199711675522,1.9517168649916956,True,2.6390605605832134
3584,18944,selected,split8,split8,integration,single HIP-event interval around one Python/AITER entry call; includes a possible device idle gap before host launch submission,rotating,2,72138752,72228864,30,1,,110.44100299477577,109.47299972176552,122.57399782538415,327.4099928421554,1.2295305938721268,True,2.7464664454877155
3584,18944,selected,split8,split8,batched,"HIP events around repeated Python/AITER entry calls, divided by iterations; first event/submission gap is amortized, but host queue starvation is not excluded",rotating,2,72138752,72228864,30,943,106.06743812561035,69.61835454655605,69.49366208477971,104.49798761976612,519.3959012033096,1.950499877287281,True,2.6374149816003984
4096,4096,old,old,old,integration,single HIP-event interval around one Python/AITER entry call; includes a possible device idle gap before host launch submission,rotating,8,71303168,71335936,30,1,,56.12049996852875,50.592099875211716,70.40089666843414,159.4010032878636,0.5978997339442209,True,1.0
4096,4096,old,old,old,batched,"HIP events around repeated Python/AITER entry calls, divided by iterations; first event/submission gap is amortized, but host queue starvation is not excluded",rotating,8,71303168,71335936,30,2015,49.64448928833008,42.88575051736004,42.35217489616451,43.15227801983174,208.5929217066825,0.7824144755591314,True,1.0
4096,4096,auto,auto,split8,integration,single HIP-event interval around one Python/AITER entry call; includes a possible device idle gap before host launch submission,rotating,8,71303168,71335936,30,1,,30.260500498116016,23.908099718391895,37.223999947309494,295.62181235425857,1.108852512273849,True,1.8545793706228602
4096,4096,auto,auto,split8,batched,"HIP events around repeated Python/AITER entry calls, divided by iterations; first event/submission gap is amortized, but host queue starvation is not excluded",rotating,8,71303168,71335936,30,5127,19.506590366363525,18.390916675904677,18.36243271013903,18.420462536723477,486.4175156489283,1.824511120968874,True,2.331898473203779
4096,4096,selected,split8,split8,integration,single HIP-event interval around one Python/AITER entry call; includes a possible device idle gap before host launch submission,rotating,8,71303168,71335936,30,1,,32.80000016093254,30.59610016644001,43.20800043642521,272.73365719842315,1.0230009705904224,True,1.710990844304105
4096,4096,selected,split8,split8,batched,"HIP events around repeated Python/AITER entry calls, divided by iterations; first event/submission gap is amortized, but host queue starvation is not excluded",rotating,8,71303168,71335936,30,3549,28.184680938720703,18.370240599244504,18.331472569366483,23.28549662117355,486.9649883827814,1.8265646450694806,True,2.3345230720126637
4096,12288,old,old,old,integration,single HIP-event interval around one Python/AITER entry call; includes a possible device idle gap before host launch submission,rotating,3,80216064,80281600,30,1,,205.30200004577637,198.5980048775673,217.76200085878372,130.55997503201837,0.4903181458415165,True,1.0
4096,12288,old,old,old,batched,"HIP events around repeated Python/AITER entry calls, divided by iterations; first event/submission gap is amortized, but host queue starvation is not excluded",rotating,3,80216064,80281600,30,498,200.91241836547852,126.39221130125972,124.73328065680691,201.19450274241495,212.07180192544703,0.7964359113874979,True,1.0
4096,12288,auto,auto,split8,integration,single HIP-event interval around one Python/AITER entry call; includes a possible device idle gap before host launch submission,rotating,3,80216064,80281600,30,1,,78.660998493433,76.99299827218056,87.30500042438507,340.7562135412983,1.2797103765267341,True,2.6099592425452873
4096,12288,auto,auto,split8,batched,"HIP events around repeated Python/AITER entry calls, divided by iterations; first event/submission gap is amortized, but host queue starvation is not excluded",rotating,3,80216064,80281600,30,1375,72.77193069458008,49.99809681285511,49.87152876420455,71.7264393199574,536.104886158553,2.0133425553533923,True,2.527940448900502
4096,12288,selected,split8,split8,integration,single HIP-event interval around one Python/AITER entry call; includes a possible device idle gap before host launch submission,rotating,3,80216064,80281600,30,1,,77.08049938082695,75.6200022995472,87.9430003464222,347.7432582211228,1.3059502313634341,True,2.6634752199963474
4096,12288,selected,split8,split8,batched,"HIP events around repeated Python/AITER entry calls, divided by iterations; first event/submission gap is amortized, but host queue starvation is not excluded",rotating,3,80216064,80281600,30,1360,73.57274055480957,50.037608427159924,49.822722042308136,71.87961746664608,535.6815571835149,2.01175274287012,True,2.525944290188243
4096,14336,old,old,old,integration,single HIP-event interval around one Python/AITER entry call; includes a possible device idle gap before host launch submission,rotating,3,93585408,93659136,30,1,,238.9424964785576,235.91799437999725,249.20209944248202,130.8635527829016,0.49150115082412293,True,1.0
4096,14336,old,old,old,batched,"HIP events around repeated Python/AITER entry calls, divided by iterations; first event/submission gap is amortized, but host queue starvation is not excluded",rotating,3,93585408,93659136,30,426,235.12908935546875,146.74421767113915,145.03585743792178,227.4090350513727,213.08413030675612,0.8003075955141881,True,1.0
4096,14336,auto,auto,split8,integration,single HIP-event interval around one Python/AITER entry call; includes a possible device idle gap before host launch submission,rotating,3,93585408,93659136,30,1,,89.96099978685379,88.5761022567749,105.59099987149239,347.58244210364353,1.3054602803242952,True,2.6560675964550007
4096,14336,auto,auto,split8,batched,"HIP events around repeated Python/AITER entry calls, divided by iterations; first event/submission gap is amortized, but host queue starvation is not excluded",rotating,3,93585408,93659136,30,1203,83.1556510925293,58.371447961922996,58.267613995204044,82.67014932354985,535.6876536692628,2.0119513238151825,True,2.513972546421389
4096,14336,selected,split8,split8,integration,single HIP-event interval around one Python/AITER entry call; includes a possible device idle gap before host launch submission,rotating,3,93585408,93659136,30,1,,89.22100067138672,87.09300234913826,117.06299930810928,350.4652914078777,1.3162877698777404,True,2.6780970251456364
4096,14336,selected,split8,split8,batched,"HIP events around repeated Python/AITER entry calls, divided by iterations; first event/submission gap is amortized, but host queue starvation is not excluded",rotating,3,93585408,93659136,30,1181,84.69367027282715,58.37420625872374,58.191877941677475,82.69075269319565,535.6623413672031,2.0118562551323613,True,2.5138537562420207
8192,3072,old,old,old,integration,single HIP-event interval around one Python/AITER entry call; includes a possible device idle gap before host launch submission,rotating,6,80216064,80261120,30,1,,57.15999938547611,55.080898851156235,68.54089871048927,234.68159804439202,0.8805396875632028,True,1.0
8192,3072,old,old,old,batched,"HIP events around repeated Python/AITER entry calls, divided by iterations; first event/submission gap is amortized, but host queue starvation is not excluded",rotating,6,80216064,80261120,30,1868,53.55335235595703,33.46258363580806,33.206987074662074,52.01026581594724,400.8775934935685,1.5041172118622808,True,1.0
8192,3072,auto,auto,split4,integration,single HIP-event interval around one Python/AITER entry call; includes a possible device idle gap before host launch submission,rotating,6,80216064,80261120,30,1,,43.74000057578087,43.04089844226837,55.31089827418329,306.68495252438663,1.1507006707235612,True,1.3068129545733473
8192,3072,auto,auto,split4,batched,"HIP events around repeated Python/AITER entry calls, divided by iterations; first event/submission gap is amortized, but host queue starvation is not excluded",rotating,6,80216064,80261120,30,2515,39.767611026763916,27.729005605041625,27.61171830103364,38.174588940963595,483.7677986390188,1.815126323565271,True,1.2067718587688543
8192,3072,selected,split4,split4,integration,single HIP-event interval around one Python/AITER entry call; includes a possible device idle gap before host launch submission,rotating,6,80216064,80261120,30,1,,44.18049938976765,42.58889891207218,62.99999803304672,303.62717002485533,1.139227684050511,True,1.2937834604629788
8192,3072,selected,split4,split4,batched,"HIP events around repeated Python/AITER entry calls, divided by iterations; first event/submission gap is amortized, but host queue starvation is not excluded",rotating,6,80216064,80261120,30,2506,39.915618896484375,27.623979548692514,27.561274510997826,29.59619203949584,485.60707831232537,1.82202741322194,True,1.2113599916631814
12288,4096,old,old,old,integration,single HIP-event interval around one Python/AITER entry call; includes a possible device idle gap before host launch submission,rotating,3,80216064,80281600,30,1,,98.46100211143494,97.5929968059063,112.00899779796603,272.23188293029824,1.0223671691465477,True,1.0
12288,4096,old,old,old,batched,"HIP events around repeated Python/AITER entry calls, divided by iterations; first event/submission gap is amortized, but host queue starvation is not excluded",rotating,3,80216064,80281600,30,1076,92.9893684387207,55.550078920272206,55.37729298758241,91.74554463212819,482.5235989038025,1.8121179655653805,True,1.0
12288,4096,auto,auto,split8,integration,single HIP-event interval around one Python/AITER entry call; includes a possible device idle gap before host launch submission,rotating,3,80216064,80281600,30,1,,62.94099986553192,60.66799834370613,88.3370004594326,425.8626977211188,1.5993278819062064,True,1.5643380677426235
12288,4096,auto,auto,split8,batched,"HIP events around repeated Python/AITER entry calls, divided by iterations; first event/submission gap is amortized, but host queue starvation is not excluded",rotating,3,80216064,80281600,30,1684,59.416208267211914,48.65067135409901,48.41880934255423,57.568692821221795,550.9528081310154,2.069103944472469,True,1.141815259155553
12288,4096,selected,split8,split8,integration,single HIP-event interval around one Python/AITER entry call; includes a possible device idle gap before host launch submission,rotating,3,80216064,80281600,30,1,,64.36099857091904,61.38499863445759,89.03799802064896,416.4668758279841,1.5640418613002045,True,1.529824028490504
12288,4096,selected,split8,split8,batched,"HIP events around repeated Python/AITER entry calls, divided by iterations; first event/submission gap is amortized, but host queue starvation is not excluded",rotating,3,80216064,80281600,30,1687,59.28701877593994,48.73027925881395,48.525335270056864,57.537718333644,550.0527476487191,2.0657237662308865,True,1.1399499400616455
14336,4096,old,old,old,integration,single HIP-event interval around one Python/AITER entry call; includes a possible device idle gap before host launch submission,rotating,3,93585408,93659136,30,1,,97.12100028991699,96.64099663496017,110.42190194129945,321.9578042509752,1.2092185176164476,True,1.0
14336,4096,old,old,old,batched,"HIP events around repeated Python/AITER entry calls, divided by iterations; first event/submission gap is amortized, but host queue starvation is not excluded",rotating,3,93585408,93659136,30,1044,95.85619926452637,61.32642154035897,61.093900030143416,92.71085015658676,509.87589385795053,1.9150067629938639,True,1.0
14336,4096,auto,auto,split8,integration,single HIP-event interval around one Python/AITER entry call; includes a possible device idle gap before host launch submission,rotating,3,93585408,93659136,30,1,,71.18099927902222,70.15699967741966,93.14200282096864,439.286668025399,1.6498856884495994,True,1.3644231083243525
14336,4096,auto,auto,split8,batched,"HIP events around repeated Python/AITER entry calls, divided by iterations; first event/submission gap is amortized, but host queue starvation is not excluded",rotating,3,93585408,93659136,30,1490,67.1382999420166,56.76313310661572,56.68362406276216,66.00336727679976,550.8657166839092,2.0689575358607604,True,1.0803917645837524
14336,4096,selected,split8,split8,integration,single HIP-event interval around one Python/AITER entry call; includes a possible device idle gap before host launch submission,rotating,3,93585408,93659136,30,1,,73.42100143432617,71.54410257935524,104.62599769234657,425.884466149232,1.5995493074968272,True,1.3227959084266927
14336,4096,selected,split8,split8,batched,"HIP events around repeated Python/AITER entry calls, divided by iterations; first event/submission gap is amortized, but host queue starvation is not excluded",rotating,3,93585408,93659136,30,1490,67.12060928344727,56.74410570387872,56.69565597636588,65.98490670223364,551.0504326771446,2.0696512975791315,True,1.0807540409640648
18944,3584,old,old,old,integration,single HIP-event interval around one Python/AITER entry call; includes a possible device idle gap before host launch submission,rotating,2,72138752,72228864,30,1,,112.46100068092346,110.91310232877731,137.1489018201828,321.5291325976407,1.2074460584364504,True,1.0
18944,3584,old,old,old,batched,"HIP events around repeated Python/AITER entry calls, divided by iterations; first event/submission gap is amortized, but host queue starvation is not excluded",rotating,2,72138752,72228864,30,931,107.42573738098145,64.08240075526253,63.97866885208802,105.45332649468608,564.2655015079245,2.118999762799129,True,1.0
18944,3584,auto,auto,split8,integration,single HIP-event interval around one Python/AITER entry call; includes a possible device idle gap before host launch submission,rotating,2,72138752,72228864,30,1,,86.22099831700325,75.50899982452393,120.82900255918503,419.3814581809261,1.5749132421402428,True,1.3043342442805552
18944,3584,auto,auto,split8,batched,"HIP events around repeated Python/AITER entry calls, divided by iterations; first event/submission gap is amortized, but host queue starvation is not excluded",rotating,2,72138752,72228864,30,1343,74.50758934020996,52.672714949186755,52.55247500967109,71.16059951611801,686.4937194690453,2.5780063194197766,True,1.2166147277026191
18944,3584,selected,split8,split8,integration,single HIP-event interval around one Python/AITER entry call; includes a possible device idle gap before host launch submission,rotating,2,72138752,72228864,30,1,,79.48099821805954,75.66800266504288,106.46899938583374,454.94506625086524,1.7084661119561266,True,1.4149419760982602
18944,3584,selected,split8,split8,batched,"HIP events around repeated Python/AITER entry calls, divided by iterations; first event/submission gap is amortized, but host queue starvation is not excluded",rotating,2,72138752,72228864,30,1347,74.28557872772217,52.8186268512638,52.469412981357586,71.24821493691131,684.5972747800581,2.570884555222982,True,1.2132538192580675
