n,k,requested,mapping,resolved,timing,timing_boundary,execution_schedule,cache,rotations,packed_ring_bytes,total_ring_bytes,samples,iterations_per_sample,calibration_us,median_us,p10_us,p90_us,effective_gbps,effective_tflops,correct,speedup_vs_old,latency_ratio_vs_auto
512,3584,old,old,old,integration,single HIP-event interval around one Python/AITER entry call; includes a possible device idle gap before host launch submission,cyclic_latin_by_sample_round,rotating,69,67264512,67280896,30,1,,68.90000030398369,65.11599719524384,85.35199910402298,14.386531141171687,0.05326583430780922,True,1.0,3.3511673149988415
512,3584,auto,auto,small32x32,integration,single HIP-event interval around one Python/AITER entry call; includes a possible device idle gap before host launch submission,cyclic_latin_by_sample_round,rotating,69,67264512,67280896,30,1,,20.560000091791153,15.479999594390392,31.035999208688743,48.21167293650754,0.1785027229384742,True,3.3511673149988415,1.0
512,3584,selected,small32x32,small32x32,integration,single HIP-event interval around one Python/AITER entry call; includes a possible device idle gap before host launch submission,cyclic_latin_by_sample_round,rotating,69,67264512,67280896,30,1,,20.299999974668026,15.316000208258629,26.143999584019184,48.829162622509315,0.1807889657428444,True,3.394088689160722,0.987354079962921
512,3584,old,old,old,batched,"HIP events around repeated Python/AITER entry calls, divided by iterations; first event/submission gap is amortized, but host queue starvation is not excluded",cyclic_latin_by_sample_round,rotating,69,67264512,67280896,30,1551,64.4985818862915,37.45654565453299,36.6096867967774,38.92828611156235,26.46351879701542,0.09798063157903229,True,1.0,2.537837021959756
512,3584,auto,auto,small32x32,batched,"HIP events around repeated Python/AITER entry calls, divided by iterations; first event/submission gap is amortized, but host queue starvation is not excluded",cyclic_latin_by_sample_round,rotating,69,67264512,67280896,30,6644,15.052839517593384,14.759239986816993,14.593036199175831,15.151078409634751,67.16009773439364,0.24865887425626737,True,2.537837021959756,1.0
512,3584,selected,small32x32,small32x32,batched,"HIP events around repeated Python/AITER entry calls, divided by iterations; first event/submission gap is amortized, but host queue starvation is not excluded",cyclic_latin_by_sample_round,rotating,69,67264512,67280896,30,6717,14.889639616012573,14.757461627359916,14.622901347451254,15.097292147169728,67.16819091450552,0.2486888390884171,True,2.53814284599525,0.9998795087376677
1024,3072,old,old,old,integration,single HIP-event interval around one Python/AITER entry call; includes a possible device idle gap before host launch submission,cyclic_latin_by_sample_round,rotating,41,68517888,68534272,30,1,,56.86100013554096,54.39699925482273,66.82089865207672,29.678549374392656,0.11064624232783282,True,1.0,2.837375276434109
1024,3072,auto,auto,small32x32,integration,single HIP-event interval around one Python/AITER entry call; includes a possible device idle gap before host launch submission,cyclic_latin_by_sample_round,rotating,41,68517888,68534272,30,1,,20.0399998575449,15.672000404447317,27.223999984562397,84.20918223533072,0.31394491241133005,True,2.837375276434109,1.0
1024,3072,selected,small32x32,small32x32,integration,single HIP-event interval around one Python/AITER entry call; includes a possible device idle gap before host launch submission,cyclic_latin_by_sample_round,rotating,41,68517888,68534272,30,1,,20.0399998575449,15.507999900728464,26.475999876856804,84.20918223533072,0.31394491241133005,True,2.837375276434109,1.0
1024,3072,old,old,old,batched,"HIP events around repeated Python/AITER entry calls, divided by iterations; first event/submission gap is amortized, but host queue starvation is not excluded",cyclic_latin_by_sample_round,rotating,41,68517888,68534272,30,1918,52.14889049530029,30.383978198293104,29.706894095921044,30.651176858370942,55.540850805863286,0.20706491950923786,True,1.0,2.0829542356952726
1024,3072,auto,auto,small32x32,batched,"HIP events around repeated Python/AITER entry calls, divided by iterations; first event/submission gap is amortized, but host queue starvation is not excluded",cyclic_latin_by_sample_round,rotating,41,68517888,68534272,30,6760,14.793729782104492,14.586963879286184,14.510126283182899,14.6759585092759,115.68905044019212,0.43130675115566774,True,2.0829542356952726,1.0
1024,3072,selected,small32x32,small32x32,batched,"HIP events around repeated Python/AITER entry calls, divided by iterations; first event/submission gap is amortized, but host queue starvation is not excluded",cyclic_latin_by_sample_round,rotating,41,68517888,68534272,30,6804,14.698729515075684,14.60107616085925,14.50348449832618,14.682978675478982,115.57723426741515,0.4308898830940526,True,2.080941011714102,1.000967458457418
1024,4096,old,old,old,integration,single HIP-event interval around one Python/AITER entry call; includes a possible device idle gap before host launch submission,cyclic_latin_by_sample_round,rotating,31,69074944,69095424,30,1,,64.14049863815308,60.52890121936798,80.22499978542328,35.05903520778664,0.13078488908114216,True,1.0,4.310517338732
1024,4096,auto,auto,small32x32,integration,single HIP-event interval around one Python/AITER entry call; includes a possible device idle gap before host launch submission,cyclic_latin_by_sample_round,rotating,31,69074944,69095424,30,1,,14.88000014796853,14.135999791324139,33.257100358605385,151.12257914237998,0.5637505320284047,True,4.310517338732,1.0
1024,4096,selected,small32x32,small32x32,integration,single HIP-event interval around one Python/AITER entry call; includes a possible device idle gap before host launch submission,cyclic_latin_by_sample_round,rotating,31,69074944,69095424,30,1,,14.719999860972166,14.156099781394005,27.453899569809444,152.7652188341452,0.5698782662519661,True,4.357370872550877,0.9892472926474931
1024,4096,old,old,old,batched,"HIP events around repeated Python/AITER entry calls, divided by iterations; first event/submission gap is amortized, but host queue starvation is not excluded",cyclic_latin_by_sample_round,rotating,31,69074944,69095424,30,1724,58.024959564208984,39.70113431218053,39.57568785983836,39.9163615675924,56.6407997896948,0.21129391251237697,True,1.0,2.6887030133296124
1024,4096,auto,auto,small32x32,batched,"HIP events around repeated Python/AITER entry calls, divided by iterations; first event/submission gap is amortized, but host queue starvation is not excluded",cyclic_latin_by_sample_round,rotating,31,69074944,69095424,30,6833,14.636939764022827,14.76590538834402,14.705966238778036,15.176507276269575,152.2902890719517,0.5681065792702314,True,2.6887030133296124,1.0
1024,4096,selected,small32x32,small32x32,batched,"HIP events around repeated Python/AITER entry calls, divided by iterations; first event/submission gap is amortized, but host queue starvation is not excluded",cyclic_latin_by_sample_round,rotating,31,69074944,69095424,30,6769,14.775340557098389,14.81612243967934,14.693509988197285,15.162065494428587,151.77412370578844,0.5661810662103,True,2.6795900529180403,1.003400878579038
3072,3072,old,old,old,integration,single HIP-event interval around one Python/AITER entry call; includes a possible device idle gap before host launch submission,cyclic_latin_by_sample_round,rotating,14,70189056,70213632,30,1,,46.740999445319176,45.58410085737705,51.90910138189793,107.78716886218685,0.40380753993248536,True,1.0,1.6551052359386798
3072,3072,auto,auto,split8,integration,single HIP-event interval around one Python/AITER entry call; includes a possible device idle gap before host launch submission,cyclic_latin_by_sample_round,rotating,14,70189056,70213632,30,1,,28.240500018000603,27.291999384760857,35.88000014424325,178.39910755081206,0.668343973653774,True,1.6551052359386798,1.0
3072,3072,selected,split8,split8,integration,single HIP-event interval around one Python/AITER entry call; includes a possible device idle gap before host launch submission,cyclic_latin_by_sample_round,rotating,14,70189056,70213632,30,1,,28.3805001527071,27.48089972883463,34.022100642323494,177.51907023807112,0.6650470533797006,True,1.646940652695324,1.004957424075964
3072,3072,old,old,old,batched,"HIP events around repeated Python/AITER entry calls, divided by iterations; first event/submission gap is amortized, but host queue starvation is not excluded",cyclic_latin_by_sample_round,rotating,14,70189056,70213632,30,3009,33.24081897735596,30.14162443293492,29.673274183796266,30.18349609172158,167.1469303590363,0.626189475686536,True,1.0,2.0696961914859955
3072,3072,auto,auto,split8,batched,"HIP events around repeated Python/AITER entry calls, divided by iterations; first event/submission gap is amortized, but host queue starvation is not excluded",cyclic_latin_by_sample_round,rotating,14,70189056,70213632,30,6873,14.550540447235107,14.563308642556812,14.476345311462767,14.683412607105021,345.9433651826724,1.296021972977036,True,2.0696961914859955,1.0
3072,3072,selected,split8,split8,batched,"HIP events around repeated Python/AITER entry calls, divided by iterations; first event/submission gap is amortized, but host queue starvation is not excluded",cyclic_latin_by_sample_round,rotating,14,70189056,70213632,30,6857,14.585139751434326,14.597219751165266,14.421569993340519,14.702635463688452,345.1396968657556,1.293011157038538,True,2.0648880366775852,1.0023285305173961
3072,8192,old,old,old,integration,single HIP-event interval around one Python/AITER entry call; includes a possible device idle gap before host launch submission,cyclic_latin_by_sample_round,rotating,6,80216064,80261120,30,1,,122.0020018517971,119.3498969078064,138.49500566720963,109.95229419510058,0.41254772246393767,True,1.0,2.6270887726495986
3072,8192,auto,auto,split8,integration,single HIP-event interval around one Python/AITER entry call; includes a possible device idle gap before host launch submission,cyclic_latin_by_sample_round,rotating,6,80216064,80261120,30,1,,46.43999971449375,45.59299908578396,57.90810100734234,288.8544376070144,1.0837994898671734,True,2.6270887726495986,1.0
3072,8192,selected,split8,split8,integration,single HIP-event interval around one Python/AITER entry call; includes a possible device idle gap before host launch submission,cyclic_latin_by_sample_round,rotating,6,80216064,80261120,30,1,,46.73999920487404,45.72089836001396,68.74289885163307,287.0004327813756,1.0768431505397078,True,2.610226870501845,1.0064599373864047
3072,8192,old,old,old,batched,"HIP events around repeated Python/AITER entry calls, divided by iterations; first event/submission gap is amortized, but host queue starvation is not excluded",cyclic_latin_by_sample_round,rotating,6,80216064,80261120,30,882,113.38793754577637,82.91874667143875,82.30664692227803,83.09276520259797,161.77765027194474,0.6069996233714983,True,1.0,2.747291244838599
3072,8192,auto,auto,split8,batched,"HIP events around repeated Python/AITER entry calls, divided by iterations; first event/submission gap is amortized, but host queue starvation is not excluded",cyclic_latin_by_sample_round,rotating,6,80216064,80261120,30,2399,41.697020530700684,30.182000844366307,30.11686699546442,30.93708287978878,444.4503222026745,1.667604750908844,True,2.747291244838599,1.0
3072,8192,selected,split8,split8,batched,"HIP events around repeated Python/AITER entry calls, divided by iterations; first event/submission gap is amortized, but host queue starvation is not excluded",cyclic_latin_by_sample_round,rotating,6,80216064,80261120,30,2470,40.488810539245605,30.519323310388728,30.204698508567656,30.8966747083162,439.53792368108503,1.6491731316620375,True,2.716926120154615,1.011176279126153
3584,3584,old,old,old,integration,single HIP-event interval around one Python/AITER entry call; includes a possible device idle gap before host launch submission,cyclic_latin_by_sample_round,rotating,10,68239360,68268032,30,1,,52.460500970482826,51.32899843156338,66.14590361714363,130.62414336942103,0.48970390150209725,True,1.0,1.7032630277514778
3584,3584,auto,auto,split8,integration,single HIP-event interval around one Python/AITER entry call; includes a possible device idle gap before host launch submission,cyclic_latin_by_sample_round,rotating,10,68239360,68268032,30,1,,30.799999833106995,29.472099244594574,63.65110203623772,222.48727393284318,0.8340945499741735,True,1.7032630277514778,1.0
3584,3584,selected,split8,split8,integration,single HIP-event interval around one Python/AITER entry call; includes a possible device idle gap before host launch submission,cyclic_latin_by_sample_round,rotating,10,68239360,68268032,30,1,,30.76049964874983,29.432900808751583,56.8470012396574,222.77297437457278,0.8351656277808251,True,1.705450222510119,0.9987175264749609
3584,3584,old,old,old,batched,"HIP events around repeated Python/AITER entry calls, divided by iterations; first event/submission gap is amortized, but host queue starvation is not excluded",cyclic_latin_by_sample_round,rotating,10,68239360,68268032,30,2619,38.19559097290039,34.77794389407932,34.684984135054236,34.86155203709669,197.03890548764167,0.7386897879369327,True,1.0,2.368674736251577
3584,3584,auto,auto,split8,batched,"HIP events around repeated Python/AITER entry calls, divided by iterations; first event/submission gap is amortized, but host queue starvation is not excluded",cyclic_latin_by_sample_round,rotating,10,68239360,68268032,30,6226,16.06235980987549,14.682448105608348,14.500797442060325,14.860277454683798,466.72107748723903,1.7497158386132476,True,2.368674736251577,1.0
3584,3584,selected,split8,split8,batched,"HIP events around repeated Python/AITER entry calls, divided by iterations; first event/submission gap is amortized, but host queue starvation is not excluded",cyclic_latin_by_sample_round,rotating,10,68239360,68268032,30,6006,16.652170419692993,14.693576178866707,14.542995355068108,14.817779063384533,466.36760966713354,1.7483907040240656,True,2.3668808376342927,1.0007579167437417
3584,18944,old,old,old,integration,single HIP-event interval around one Python/AITER entry call; includes a possible device idle gap before host launch submission,cyclic_latin_by_sample_round,rotating,2,72138752,72228864,30,1,,294.98350620269775,289.6349906921387,331.89510405063635,122.58138926300857,0.46033282927585645,True,1.0,2.4390694761500997
3584,18944,auto,auto,split8,integration,single HIP-event interval around one Python/AITER entry call; includes a possible device idle gap before host launch submission,cyclic_latin_by_sample_round,rotating,2,72138752,72228864,30,1,,120.94100192189217,110.88190153241158,143.92690062522888,298.9845248954778,1.1227837527565565,True,2.4390694761500997,1.0
3584,18944,selected,split8,split8,integration,single HIP-event interval around one Python/AITER entry call; includes a possible device idle gap before host launch submission,cyclic_latin_by_sample_round,rotating,2,72138752,72228864,30,1,,113.88149857521057,110.67699939012527,136.63809746503833,317.51854737070613,1.192385011603268,True,2.5902671627374336,0.9416285359431629
3584,18944,old,old,old,batched,"HIP events around repeated Python/AITER entry calls, divided by iterations; first event/submission gap is amortized, but host queue starvation is not excluded",cyclic_latin_by_sample_round,rotating,2,72138752,72228864,30,340,294.89587783813477,181.9565773010254,181.41920987297507,186.64814107558308,198.72591876785225,0.7462802060480106,True,1.0,2.7223011917335476
3584,18944,auto,auto,split8,batched,"HIP events around repeated Python/AITER entry calls, divided by iterations; first event/submission gap is amortized, but host queue starvation is not excluded",cyclic_latin_by_sample_round,rotating,2,72138752,72228864,30,938,106.67192459106445,66.83925270780063,66.66803705666874,69.86246658032383,540.9918054900684,2.031599494291657,True,2.7223011917335476,1.0
3584,18944,selected,split8,split8,batched,"HIP events around repeated Python/AITER entry calls, divided by iterations; first event/submission gap is amortized, but host queue starvation is not excluded",cyclic_latin_by_sample_round,rotating,2,72138752,72228864,30,942,106.24311447143555,69.59496435339537,66.77975057290112,70.28770365785894,519.5704651328823,1.951155421396162,True,2.6145078022753263,1.0412289415867921
4096,4096,old,old,old,integration,single HIP-event interval around one Python/AITER entry call; includes a possible device idle gap before host launch submission,cyclic_latin_by_sample_round,rotating,8,71303168,71335936,30,1,,67.00050085783005,63.252898305654526,75.47599896788599,133.51637503400187,0.5008086741202121,True,1.0,1.812784105670036
4096,4096,auto,auto,split8,integration,single HIP-event interval around one Python/AITER entry call; includes a possible device idle gap before host launch submission,cyclic_latin_by_sample_round,rotating,8,71303168,71335936,30,1,,36.96000017225742,35.972900316119194,44.5150014013052,242.03636250831818,0.9078580044268052,True,1.812784105670036,1.0
4096,4096,selected,split8,split8,integration,single HIP-event interval around one Python/AITER entry call; includes a possible device idle gap before host launch submission,cyclic_latin_by_sample_round,rotating,8,71303168,71335936,30,1,,37.12050057947636,34.57600139081479,43.71010065078735,240.98985359443105,0.9039326376582323,True,1.8049460490000535,1.0043425434651216
4096,4096,old,old,old,batched,"HIP events around repeated Python/AITER entry calls, divided by iterations; first event/submission gap is amortized, but host queue starvation is not excluded",cyclic_latin_by_sample_round,rotating,8,71303168,71335936,30,1906,52.46935844421387,42.1579747235037,42.050826962321906,42.52548097688529,212.19387455566405,0.7959213463186813,True,1.0,2.353961294805193
4096,4096,auto,auto,split8,batched,"HIP events around repeated Python/AITER entry calls, divided by iterations; first event/submission gap is amortized, but host queue starvation is not excluded",cyclic_latin_by_sample_round,rotating,8,71303168,71335936,30,4324,23.12743902206421,17.909374642879406,17.825983102182676,18.431767790985813,499.4961676987816,1.8735680429434154,True,2.353961294805193,1.0
4096,4096,selected,split8,split8,batched,"HIP events around repeated Python/AITER entry calls, divided by iterations; first event/submission gap is amortized, but host queue starvation is not excluded",cyclic_latin_by_sample_round,rotating,8,71303168,71335936,30,4443,22.508039474487305,18.362885414413736,17.844633677240267,18.441214895237678,487.16004038113766,1.8272962686823628,True,2.2958251806337735,1.0253225352965991
4096,12288,old,old,old,integration,single HIP-event interval around one Python/AITER entry call; includes a possible device idle gap before host launch submission,cyclic_latin_by_sample_round,rotating,3,80216064,80281600,30,1,,201.52200013399124,198.30999374389648,222.37909436225897,133.00892201436054,0.49951516922752526,True,1.0,2.558668337329229
4096,12288,auto,auto,split8,integration,single HIP-event interval around one Python/AITER entry call; includes a possible device idle gap before host launch submission,cyclic_latin_by_sample_round,rotating,3,80216064,80281600,30,1,,78.76050099730492,76.99299827218056,99.65400025248528,340.325717340437,1.2780936475181204,True,2.558668337329229,1.0
4096,12288,selected,split8,split8,integration,single HIP-event interval around one Python/AITER entry call; includes a possible device idle gap before host launch submission,cyclic_latin_by_sample_round,rotating,3,80216064,80281600,30,1,,79.00099828839302,76.88099890947342,98.96200075745583,339.28968722839704,1.2742028351658141,True,2.550879159758659,1.003053526679526
4096,12288,old,old,old,batched,"HIP events around repeated Python/AITER entry calls, divided by iterations; first event/submission gap is amortized, but host queue starvation is not excluded",cyclic_latin_by_sample_round,rotating,3,80216064,80281600,30,507,197.39681243896484,123.22791887693387,122.9424523648896,124.8974877231455,217.51746068818244,0.8168870895282354,True,1.0,2.5249333610834896
4096,12288,auto,auto,split8,batched,"HIP events around repeated Python/AITER entry calls, divided by iterations; first event/submission gap is amortized, but host queue starvation is not excluded",cyclic_latin_by_sample_round,rotating,3,80216064,80281600,30,1352,74.01639938354492,48.80442421817215,48.568538801204525,50.33950128498867,549.2170931097584,2.0625854645882367,True,2.5249333610834896,1.0
4096,12288,selected,split8,split8,batched,"HIP events around repeated Python/AITER entry calls, divided by iterations; first event/submission gap is amortized, but host queue starvation is not excluded",cyclic_latin_by_sample_round,rotating,3,80216064,80281600,30,1363,73.41598987579346,50.125494304161606,48.565386116548396,50.71879307837147,534.7423376486207,2.008225502758634,True,2.4583881034506434,1.0270686542696177
4096,14336,old,old,old,integration,single HIP-event interval around one Python/AITER entry call; includes a possible device idle gap before host launch submission,cyclic_latin_by_sample_round,rotating,3,93585408,93659136,30,1,,233.74249786138535,228.28290313482285,264.5961105823517,133.77483464108076,0.5024354281934854,True,1.0,2.4860669205901917
4096,14336,auto,auto,split8,integration,single HIP-event interval around one Python/AITER entry call; includes a possible device idle gap before host launch submission,cyclic_latin_by_sample_round,rotating,3,93585408,93659136,30,1,,94.02099996805191,88.52899894118309,111.20890080928802,332.5731912086138,1.2490880977643928,True,2.4860669205901917,1.0
4096,14336,selected,split8,split8,integration,single HIP-event interval around one Python/AITER entry call; includes a possible device idle gap before host launch submission,cyclic_latin_by_sample_round,rotating,3,93585408,93659136,30,1,,90.46100080013275,87.67300248146057,126.35799795389175,345.6612653345099,1.2982446685448084,True,2.5839035141543816,0.9621361273637928
4096,14336,old,old,old,batched,"HIP events around repeated Python/AITER entry calls, divided by iterations; first event/submission gap is amortized, but host queue starvation is not excluded",cyclic_latin_by_sample_round,rotating,3,93585408,93659136,30,436,229.44889068603516,143.58030546695815,143.34867372425325,145.04310100450428,217.77961746428963,0.8179430432192969,True,1.0,2.5136325049583523
4096,14336,auto,auto,split8,batched,"HIP events around repeated Python/AITER entry calls, divided by iterations; first event/submission gap is amortized, but host queue starvation is not excluded",cyclic_latin_by_sample_round,rotating,3,93585408,93659136,30,1192,83.95292282104492,57.12064320609073,56.9476588460423,58.78889096663302,547.4179253756341,2.0560082206405794,True,2.5136325049583523,1.0
4096,14336,selected,split8,split8,batched,"HIP events around repeated Python/AITER entry calls, divided by iterations; first event/submission gap is amortized, but host queue starvation is not excluded",cyclic_latin_by_sample_round,rotating,3,93585408,93659136,30,1189,84.15251731872559,58.45561560910724,56.94579821459078,59.05985467267498,534.9163407857155,2.0090544043762164,True,2.456227754525413,1.0233711024261394
8192,3072,old,old,old,integration,single HIP-event interval around one Python/AITER entry call; includes a possible device idle gap before host launch submission,cyclic_latin_by_sample_round,rotating,6,80216064,80261120,30,1,,58.700500056147575,56.71199969947338,68.64499971270561,228.52275512421534,0.8574313328141551,True,1.0,1.3114352772802989
8192,3072,auto,auto,split4,integration,single HIP-event interval around one Python/AITER entry call; includes a possible device idle gap before host launch submission,cyclic_latin_by_sample_round,rotating,6,80216064,80261120,30,1,,44.76050101220608,43.51999834179878,56.4201008528471,299.6928027311832,1.1244656976979477,True,1.3114352772802989,1.0
8192,3072,selected,split4,split4,integration,single HIP-event interval around one Python/AITER entry call; includes a possible device idle gap before host launch submission,cyclic_latin_by_sample_round,rotating,6,80216064,80261120,30,1,,45.12050002813339,43.20089966058731,55.83300031721592,297.30166978725623,1.1154940208689479,True,1.3009718425005667,1.0080427834315158
8192,3072,old,old,old,batched,"HIP events around repeated Python/AITER entry calls, divided by iterations; first event/submission gap is amortized, but host queue starvation is not excluded",cyclic_latin_by_sample_round,rotating,6,80216064,80261120,30,1896,52.754178047180176,33.66112507848297,33.575981880542095,33.724168383119476,398.5131206614012,1.4952455654007015,True,1.0,1.2146861349327078
8192,3072,auto,auto,split4,batched,"HIP events around repeated Python/AITER entry calls, divided by iterations; first event/submission gap is amortized, but host queue starvation is not excluded",cyclic_latin_by_sample_round,rotating,6,80216064,80261120,30,2553,39.1808295249939,27.71178834633504,27.656360929543673,27.859858667154754,484.0683622561693,1.8162540566118497,True,1.2146861349327078,1.0
8192,3072,selected,split4,split4,batched,"HIP events around repeated Python/AITER entry calls, divided by iterations; first event/submission gap is amortized, but host queue starvation is not excluded",cyclic_latin_by_sample_round,rotating,6,80216064,80261120,30,2527,39.587740898132324,27.720689490514168,27.648673380227915,27.887633745973176,483.91292736749267,1.8156708554173282,True,1.2142960978658766,1.0003212042495375
12288,4096,old,old,old,integration,single HIP-event interval around one Python/AITER entry call; includes a possible device idle gap before host launch submission,cyclic_latin_by_sample_round,rotating,3,80216064,80281600,30,1,,97.5009985268116,94.67699751257896,112.87309750914574,274.9123024891808,1.0324334880767279,True,1.0,1.506016245098908
12288,4096,auto,auto,split8,integration,single HIP-event interval around one Python/AITER entry call; includes a possible device idle gap before host launch submission,cyclic_latin_by_sample_round,rotating,3,80216064,80281600,30,1,,64.74100053310394,62.35689893364906,77.89699882268906,414.0223935262512,1.554861605027682,True,1.506016245098908,1.0
12288,4096,selected,split8,split8,integration,single HIP-event interval around one Python/AITER entry call; includes a possible device idle gap before host launch submission,cyclic_latin_by_sample_round,rotating,3,80216064,80281600,30,1,,63.78049775958061,61.51690110564232,75.48099979758263,420.2573661472198,1.5782770523279452,True,1.5286961054198696,0.9851639182957607
12288,4096,old,old,old,batched,"HIP events around repeated Python/AITER entry calls, divided by iterations; first event/submission gap is amortized, but host queue starvation is not excluded",cyclic_latin_by_sample_round,rotating,3,80216064,80281600,30,1095,91.33621215820312,55.980872236974704,55.81535618054813,56.44589533000232,478.8104030700709,1.7981730540724423,True,1.0,1.1550054576189541
12288,4096,auto,auto,split8,batched,"HIP events around repeated Python/AITER entry calls, divided by iterations; first event/submission gap is amortized, but host queue starvation is not excluded",cyclic_latin_by_sample_round,rotating,3,80216064,80281600,30,1747,57.24903106689453,48.468058629246116,48.177576965786216,48.77380432233718,553.028628710663,2.0768996911970135,True,1.1550054576189541,1.0
12288,4096,selected,split8,split8,batched,"HIP events around repeated Python/AITER entry calls, divided by iterations; first event/submission gap is amortized, but host queue starvation is not excluded",cyclic_latin_by_sample_round,rotating,3,80216064,80281600,30,1746,57.30624198913574,48.33220998582698,48.14992251401641,48.96031234409118,554.5830411615798,2.082737289056691,True,1.1582518625444735,0.9971971511287815
14336,4096,old,old,old,integration,single HIP-event interval around one Python/AITER entry call; includes a possible device idle gap before host launch submission,cyclic_latin_by_sample_round,rotating,3,93585408,93659136,30,1,,98.88100251555443,96.0290014743805,132.03389644622803,316.22721457624044,1.1876954016675356,True,1.0,1.2141427829882208
14336,4096,auto,auto,split8,integration,single HIP-event interval around one Python/AITER entry call; includes a possible device idle gap before host launch submission,cyclic_latin_by_sample_round,rotating,3,93585408,93659136,30,1,,81.4410001039505,71.3209979236126,97.32400104403496,383.9449903622098,1.442031800322934,True,1.2141427829882208,1.0
14336,4096,selected,split8,split8,integration,single HIP-event interval around one Python/AITER entry call; includes a possible device idle gap before host launch submission,cyclic_latin_by_sample_round,rotating,3,93585408,93659136,30,1,,78.10100167989731,71.09699994325638,105.22199720144273,400.36444254784,1.503700458047114,True,1.2660657403707252,0.9589887351605451
14336,4096,old,old,old,batched,"HIP events around repeated Python/AITER entry calls, divided by iterations; first event/submission gap is amortized, but host queue starvation is not excluded",cyclic_latin_by_sample_round,rotating,3,93585408,93659136,30,1051,95.22187232971191,61.47191549459035,61.28847537780239,61.739995431945395,508.66910114020646,1.9104742556840448,True,1.0,1.082099386792765
14336,4096,auto,auto,split8,batched,"HIP events around repeated Python/AITER entry calls, divided by iterations; first event/submission gap is amortized, but host queue starvation is not excluded",cyclic_latin_by_sample_round,rotating,3,93585408,93659136,30,1512,66.15903854370117,56.80801250316479,56.69008032985466,57.11655339235982,550.4305224242444,2.067323020559069,True,1.082099386792765,1.0
14336,4096,selected,split8,split8,batched,"HIP events around repeated Python/AITER entry calls, divided by iterations; first event/submission gap is amortized, but host queue starvation is not excluded",cyclic_latin_by_sample_round,rotating,3,93585408,93659136,30,1512,66.14093780517578,56.8369431470437,56.75627289625703,57.187500706425425,550.1503470920993,2.0662707298696183,True,1.0815485860236262,1.000509270481471
18944,3584,old,old,old,integration,single HIP-event interval around one Python/AITER entry call; includes a possible device idle gap before host launch submission,cyclic_latin_by_sample_round,rotating,2,72138752,72228864,30,1,,115.66150188446045,110.11790260672569,148.7369000911713,312.63201161023625,1.1740344867356765,True,1.0,1.44286504718317
18944,3584,auto,auto,split8,integration,single HIP-event interval around one Python/AITER entry call; includes a possible device idle gap before host launch submission,cyclic_latin_by_sample_round,rotating,2,72138752,72228864,30,1,,80.16099780797958,76.43299773335457,125.21400600671768,451.0858021829728,1.6939733250985407,True,1.44286504718317,1.0
18944,3584,selected,split8,split8,integration,single HIP-event interval around one Python/AITER entry call; includes a possible device idle gap before host launch submission,cyclic_latin_by_sample_round,rotating,2,72138752,72228864,30,1,,86.4810012280941,75.74099823832512,120.72300091385843,418.1205985882282,1.5701783058900023,True,1.337420939188743,1.0788413766412148
18944,3584,old,old,old,batched,"HIP events around repeated Python/AITER entry calls, divided by iterations; first event/submission gap is amortized, but host queue starvation is not excluded",cyclic_latin_by_sample_round,rotating,2,72138752,72228864,30,929,107.73221969604492,66.04898040081636,65.79873872393556,66.32960948800374,547.4647417805267,2.055907467094248,True,1.0,1.259666240541737
18944,3584,auto,auto,split8,batched,"HIP events around repeated Python/AITER entry calls, divided by iterations; first event/submission gap is amortized, but host queue starvation is not excluded",cyclic_latin_by_sample_round,rotating,2,72138752,72228864,30,1377,72.64802932739258,52.43371480084366,52.131288815168,53.340361684495846,689.6228531078289,2.5897572299762963,True,1.259666240541737,1.0
18944,3584,selected,split8,split8,batched,"HIP events around repeated Python/AITER entry calls, divided by iterations; first event/submission gap is amortized, but host queue starvation is not excluded",cyclic_latin_by_sample_round,rotating,2,72138752,72228864,30,1405,71.21700763702393,53.09122431744885,52.43046607835437,53.416118689703346,681.0822026591671,2.5576843206339723,True,1.2440658743503272,1.0125398232626197
